,Unnamed: 0,Unnamed: 0.1,timestamp,value,anomaly_score,label,S(t)_reward_low_FP_rate,S(t)_reward_low_FN_rate,S(t)_standard
0,0,0,2013-10-09 16:25:00,9926554.0,0,0,-0.22,-0.11,-0.11
1,1,1,2013-10-09 16:30:00,50745578.0,0,0,-0.22,-0.11,-0.11
2,2,2,2013-10-09 16:35:00,61519397.0,0,0,-0.22,-0.11,-0.11
3,3,3,2013-10-09 16:40:00,55996401.0,0,0,-0.22,-0.11,-0.11
4,4,4,2013-10-09 16:45:00,40876988.0,0,0,-0.22,-0.11,-0.11
5,5,5,2013-10-09 16:50:00,27578939.0,0,0,-0.22,-0.11,-0.11
6,6,6,2013-10-09 16:55:00,21556437.0,0,0,-0.22,-0.11,-0.11
7,7,7,2013-10-09 17:00:00,17440444.6,0,0,-0.22,-0.11,-0.11
8,8,8,2013-10-09 17:05:00,15573374.0,0,0,-0.22,-0.11,-0.11
9,9,9,2013-10-09 17:10:00,16861197.6,0,0,-0.22,-0.11,-0.11
10,10,10,2013-10-09 17:15:00,15478144.6,0,0,-0.22,-0.11,-0.11
11,11,11,2013-10-09 17:20:00,13678676.6,0,0,-0.22,-0.11,-0.11
12,12,12,2013-10-09 17:25:00,11499313.8,0,0,-0.22,-0.11,-0.11
13,13,13,2013-10-09 17:30:00,12124202.8,0,0,-0.22,-0.11,-0.11
14,14,14,2013-10-09 17:35:00,9052782.8,0,0,-0.22,-0.11,-0.11
15,15,15,2013-10-09 17:40:00,8203117.2,0,0,-0.22,-0.11,-0.11
16,16,16,2013-10-09 17:45:00,8309003.0,0,0,-0.22,-0.11,-0.11
17,17,17,2013-10-09 17:50:00,7288143.8,0,0,-0.22,-0.11,-0.11
18,18,18,2013-10-09 17:55:00,8049176.2,0,0,-0.22,-0.11,-0.11
19,19,19,2013-10-09 18:00:00,7444835.6,0,0,-0.22,-0.11,-0.11
20,20,20,2013-10-09 18:05:00,6954155.4,0,0,-0.22,-0.11,-0.11
21,21,21,2013-10-09 18:10:00,7231045.0,0,0,-0.22,-0.11,-0.11
22,22,22,2013-10-09 18:15:00,8040165.8,0,0,-0.22,-0.11,-0.11
23,23,23,2013-10-09 18:20:00,8041010.6,0,0,-0.22,-0.11,-0.11
24,24,24,2013-10-09 18:25:00,8631127.0,0,0,-0.22,-0.11,-0.11
25,25,25,2013-10-09 18:30:00,10871151.8,0,0,-0.22,-0.11,-0.11
26,26,26,2013-10-09 18:35:00,12124409.6,0,0,-0.22,-0.11,-0.11
27,27,27,2013-10-09 18:40:00,13318374.8,0,0,-0.22,-0.11,-0.11
28,28,28,2013-10-09 18:45:00,13666994.4,0,0,-0.22,-0.11,-0.11
29,29,29,2013-10-09 18:50:00,14298954.0,0,0,-0.22,-0.11,-0.11
30,30,30,2013-10-09 18:55:00,12679300.0,0,0,-0.22,-0.11,-0.11
31,31,31,2013-10-09 19:00:00,13892004.8,0,0,-0.22,-0.11,-0.11
32,32,32,2013-10-09 19:05:00,14145179.8,0,0,-0.22,-0.11,-0.11
33,33,33,2013-10-09 19:10:00,13505345.2,0,0,-0.22,-0.11,-0.11
34,34,34,2013-10-09 19:15:00,12603028.8,0,0,-0.22,-0.11,-0.11
35,35,35,2013-10-09 19:20:00,12435453.8,0,0,-0.22,-0.11,-0.11
36,36,36,2013-10-09 19:25:00,12193640.4,0,0,-0.22,-0.11,-0.11
37,37,37,2013-10-09 19:30:00,11542288.0,0,0,-0.22,-0.11,-0.11
38,38,38,2013-10-09 19:35:00,11432968.6,0,0,-0.22,-0.11,-0.11
39,39,39,2013-10-09 19:40:00,12384512.2,0,0,-0.22,-0.11,-0.11
40,40,40,2013-10-09 19:45:00,11534099.6,0,0,-0.22,-0.11,-0.11
41,41,41,2013-10-09 19:50:00,14190782.8,0,0,-0.22,-0.11,-0.11
42,42,42,2013-10-09 19:55:00,10355034.8,0,0,-0.22,-0.11,-0.11
43,43,43,2013-10-09 20:00:00,11658785.8,0,0,-0.22,-0.11,-0.11
44,44,44,2013-10-09 20:05:00,11139206.8,0,0,-0.22,-0.11,-0.11
45,45,45,2013-10-09 20:10:00,8083117.8,0,0,-0.22,-0.11,-0.11
46,46,46,2013-10-09 20:15:00,8599227.6,0,0,-0.22,-0.11,-0.11
47,47,47,2013-10-09 20:20:00,9273135.2,0,0,-0.22,-0.11,-0.11
48,48,48,2013-10-09 20:25:00,10097324.2,0,0,-0.22,-0.11,-0.11
49,49,49,2013-10-09 20:30:00,7103913.6,0,0,-0.22,-0.11,-0.11
50,50,50,2013-10-09 20:35:00,6885343.0,0,0,-0.22,-0.11,-0.11
51,51,51,2013-10-09 20:40:00,9448017.6,0,0,-0.22,-0.11,-0.11
52,52,52,2013-10-09 20:45:00,9151835.2,0,0,-0.22,-0.11,-0.11
53,53,53,2013-10-09 20:50:00,7744279.8,0,0,-0.22,-0.11,-0.11
54,54,54,2013-10-09 20:55:00,8781789.8,0,0,-0.22,-0.11,-0.11
55,55,55,2013-10-09 21:00:00,8182947.4,0,0,-0.22,-0.11,-0.11
56,56,56,2013-10-09 21:05:00,8303328.2,0,0,-0.22,-0.11,-0.11
57,57,57,2013-10-09 21:10:00,7031833.4,0,0,-0.22,-0.11,-0.11
58,58,58,2013-10-09 21:15:00,8185888.6,0,0,-0.22,-0.11,-0.11
59,59,59,2013-10-09 21:20:00,8057902.0,0,0,-0.22,-0.11,-0.11
60,60,60,2013-10-09 21:25:00,7633338.0,0,0,-0.22,-0.11,-0.11
61,61,61,2013-10-09 21:30:00,6917495.8,0,0,-0.22,-0.11,-0.11
62,62,62,2013-10-09 21:35:00,6870317.0,0,0,-0.22,-0.11,-0.11
63,63,63,2013-10-09 21:40:00,7294645.6,0,0,-0.22,-0.11,-0.11
64,64,64,2013-10-09 21:45:00,5611490.2,0,0,-0.22,-0.11,-0.11
65,65,65,2013-10-09 21:50:00,6072482.4,0,0,-0.22,-0.11,-0.11
66,66,66,2013-10-09 21:55:00,5285099.8,0,0,-0.22,-0.11,-0.11
67,67,67,2013-10-09 22:00:00,6168137.2,0,0,-0.22,-0.11,-0.11
68,68,68,2013-10-09 22:05:00,5984117.8,0,0,-0.22,-0.11,-0.11
69,69,69,2013-10-09 22:10:00,5378818.4,0,0,-0.22,-0.11,-0.11
70,70,70,2013-10-09 22:15:00,4649463.4,0,0,-0.22,-0.11,-0.11
71,71,71,2013-10-09 22:20:00,4785452.6,0,0,-0.22,-0.11,-0.11
72,72,72,2013-10-09 22:25:00,3547037.6,0,0,-0.22,-0.11,-0.11
73,73,73,2013-10-09 22:30:00,4001507.2,0,0,-0.22,-0.11,-0.11
74,74,74,2013-10-09 22:35:00,3605455.2,0,0,-0.22,-0.11,-0.11
75,75,75,2013-10-09 22:40:00,3690194.0,0,0,-0.22,-0.11,-0.11
76,76,76,2013-10-09 22:45:00,3352156.8,0,0,-0.22,-0.11,-0.11
77,77,77,2013-10-09 22:50:00,3301986.2,0,0,-0.22,-0.11,-0.11
78,78,78,2013-10-09 22:55:00,3269069.2,0,0,-0.22,-0.11,-0.11
79,79,79,2013-10-09 23:00:00,3290852.4,0,0,-0.22,-0.11,-0.11
80,80,80,2013-10-09 23:05:00,1511772.6,0,0,-0.22,-0.11,-0.11
81,81,81,2013-10-09 23:10:00,1361081.2,0,0,-0.22,-0.11,-0.11
82,82,82,2013-10-09 23:15:00,1313713.0,0,0,-0.22,-0.11,-0.11
83,83,83,2013-10-09 23:20:00,2147718.8,0,0,-0.22,-0.11,-0.11
84,84,84,2013-10-09 23:25:00,1998864.2,0,0,-0.22,-0.11,-0.11
85,85,85,2013-10-09 23:30:00,1534170.4,0,0,-0.22,-0.11,-0.11
86,86,86,2013-10-09 23:35:00,978077.0,0,0,-0.22,-0.11,-0.11
87,87,87,2013-10-09 23:40:00,974482.6,0,0,-0.22,-0.11,-0.11
88,88,88,2013-10-09 23:45:00,1120244.0,0,0,-0.22,-0.11,-0.11
89,89,89,2013-10-09 23:50:00,1041381.4,0,0,-0.22,-0.11,-0.11
90,90,90,2013-10-09 23:55:00,1315852.8,0,0,-0.22,-0.11,-0.11
91,91,91,2013-10-10 00:00:00,1663223.0,0,0,-0.22,-0.11,-0.11
92,92,92,2013-10-10 00:05:00,881168.6,0,0,-0.22,-0.11,-0.11
93,93,93,2013-10-10 00:10:00,864271.8,0,0,-0.22,-0.11,-0.11
94,94,94,2013-10-10 00:15:00,831722.8,0,0,-0.22,-0.11,-0.11
95,95,95,2013-10-10 00:20:00,1025884.6,0,0,-0.22,-0.11,-0.11
96,96,96,2013-10-10 00:25:00,1056338.6,0,0,-0.22,-0.11,-0.11
97,97,97,2013-10-10 00:30:00,1342641.2,0,0,-0.22,-0.11,-0.11
98,98,98,2013-10-10 00:35:00,901321.4,0,0,-0.22,-0.11,-0.11
99,99,99,2013-10-10 00:40:00,994254.0,0,0,-0.22,-0.11,-0.11
100,100,100,2013-10-10 00:45:00,995340.2,0,0,-0.22,-0.11,-0.11
101,101,101,2013-10-10 00:50:00,1042389.8,0,0,-0.22,-0.11,-0.11
102,102,102,2013-10-10 00:55:00,1468524.8,0,0,-0.22,-0.11,-0.11
103,103,103,2013-10-10 01:00:00,1874774.4,0,0,-0.22,-0.11,-0.11
104,104,104,2013-10-10 01:05:00,1068452.6,0,0,-0.22,-0.11,-0.11
105,105,105,2013-10-10 01:10:00,997374.4,0,0,-0.22,-0.11,-0.11
106,106,106,2013-10-10 01:15:00,1185431.8,0,0,-0.22,-0.11,-0.11
107,107,107,2013-10-10 01:20:00,1253500.4,0,0,-0.22,-0.11,-0.11
108,108,108,2013-10-10 01:25:00,1019610.0,0,0,-0.22,-0.11,-0.11
109,109,109,2013-10-10 01:30:00,1467012.8,0,0,-0.22,-0.11,-0.11
110,110,110,2013-10-10 01:35:00,889605.0,0,0,-0.22,-0.11,-0.11
111,111,111,2013-10-10 01:40:00,825968.8,0,0,-0.22,-0.11,-0.11
112,112,112,2013-10-10 01:45:00,944624.6,0,0,-0.22,-0.11,-0.11
113,113,113,2013-10-10 01:50:00,1014397.6,0,0,-0.22,-0.11,-0.11
114,114,114,2013-10-10 01:55:00,985993.2,0,0,-0.22,-0.11,-0.11
115,115,115,2013-10-10 02:00:00,1556147.0,0,0,-0.22,-0.11,-0.11
116,116,116,2013-10-10 02:05:00,918924.2,0,0,-0.22,-0.11,-0.11
117,117,117,2013-10-10 02:10:00,946216.0,0,0,-0.22,-0.11,-0.11
118,118,118,2013-10-10 02:15:00,1203311.6,0,0,-0.22,-0.11,-0.11
119,119,119,2013-10-10 02:20:00,818717.8,0,0,-0.22,-0.11,-0.11
120,120,120,2013-10-10 02:25:00,1271861.4,0,0,-0.22,-0.11,-0.11
121,121,121,2013-10-10 02:30:00,1249426.0,0,0,-0.22,-0.11,-0.11
122,122,122,2013-10-10 02:35:00,959763.2,0,0,-0.22,-0.11,-0.11
123,123,123,2013-10-10 02:40:00,894922.6,0,0,-0.22,-0.11,-0.11
124,124,124,2013-10-10 02:45:00,1035031.6,0,0,-0.22,-0.11,-0.11
125,125,125,2013-10-10 02:50:00,1291079.8,0,0,-0.22,-0.11,-0.11
126,126,126,2013-10-10 02:55:00,1066712.6,0,0,-0.22,-0.11,-0.11
127,127,127,2013-10-10 03:00:00,2790829.8,0,0,-0.22,-0.11,-0.11
128,128,128,2013-10-10 03:05:00,2466770.6,0,0,-0.22,-0.11,-0.11
129,129,129,2013-10-10 03:10:00,3168191.8,0,0,-0.22,-0.11,-0.11
130,130,130,2013-10-10 03:15:00,1362582.2,0,0,-0.22,-0.11,-0.11
131,131,131,2013-10-10 03:20:00,1203811.0,0,0,-0.22,-0.11,-0.11
132,132,132,2013-10-10 03:25:00,892913.2,0,0,-0.22,-0.11,-0.11
133,133,133,2013-10-10 03:30:00,1422962.0,0,0,-0.22,-0.11,-0.11
134,134,134,2013-10-10 03:35:00,1272848.0,0,0,-0.22,-0.11,-0.11
135,135,135,2013-10-10 03:40:00,1383750.2,0,0,-0.22,-0.11,-0.11
136,136,136,2013-10-10 03:45:00,973746.4,0,0,-0.22,-0.11,-0.11
137,137,137,2013-10-10 03:50:00,1240975.6,0,0,-0.22,-0.11,-0.11
138,138,138,2013-10-10 03:55:00,1022294.6,0,0,-0.22,-0.11,-0.11
139,139,139,2013-10-10 04:00:00,1794335.0,0,0,-0.22,-0.11,-0.11
140,140,140,2013-10-10 04:05:00,1261058.8,0,0,-0.22,-0.11,-0.11
141,141,141,2013-10-10 04:10:00,1260534.4,0,0,-0.22,-0.11,-0.11
142,142,142,2013-10-10 04:15:00,1064257.4,0,0,-0.22,-0.11,-0.11
143,143,143,2013-10-10 04:20:00,1027933.8,0,0,-0.22,-0.11,-0.11
144,144,144,2013-10-10 04:25:00,959238.6,0,0,-0.22,-0.11,-0.11
145,145,145,2013-10-10 04:30:00,955490.2,0,0,-0.22,-0.11,-0.11
146,146,146,2013-10-10 04:35:00,1219726.6,0,0,-0.22,-0.11,-0.11
147,147,147,2013-10-10 04:40:00,944099.2,0,0,-0.22,-0.11,-0.11
148,148,148,2013-10-10 04:45:00,789781.0,0,0,-0.22,-0.11,-0.11
149,149,149,2013-10-10 04:50:00,1506217.2,0,0,-0.22,-0.11,-0.11
150,150,150,2013-10-10 04:55:00,1009633.4,0,0,-0.22,-0.11,-0.11
151,151,151,2013-10-10 05:00:00,1910032.4,0,0,-0.22,-0.11,-0.11
152,152,152,2013-10-10 05:05:00,1004299.4,0,0,-0.22,-0.11,-0.11
153,153,153,2013-10-10 05:10:00,800122.2,0,0,-0.22,-0.11,-0.11
154,154,154,2013-10-10 05:15:00,1414346.8,0,0,-0.22,-0.11,-0.11
155,155,155,2013-10-10 05:20:00,1114365.6,0,0,-0.22,-0.11,-0.11
156,156,156,2013-10-10 05:25:00,1222933.0,0,0,-0.22,-0.11,-0.11
157,157,157,2013-10-10 05:30:00,1177306.6,0,0,-0.22,-0.11,-0.11
158,158,158,2013-10-10 05:35:00,936231.0,0,0,-0.22,-0.11,-0.11
159,159,159,2013-10-10 05:40:00,1086114.8,0,0,-0.22,-0.11,-0.11
160,160,160,2013-10-10 05:45:00,865114.8,0,0,-0.22,-0.11,-0.11
161,161,161,2013-10-10 05:50:00,1058657.6,0,0,-0.22,-0.11,-0.11
162,162,162,2013-10-10 05:55:00,1002185.8,0,0,-0.22,-0.11,-0.11
163,163,163,2013-10-10 06:00:00,1487688.6,0,0,-0.22,-0.11,-0.11
164,164,164,2013-10-10 06:05:00,1031687.8,0,0,-0.22,-0.11,-0.11
165,165,165,2013-10-10 06:10:00,821456.4,0,0,-0.22,-0.11,-0.11
166,166,166,2013-10-10 06:15:00,898685.4,0,0,-0.22,-0.11,-0.11
167,167,167,2013-10-10 06:20:00,920632.8,0,0,-0.22,-0.11,-0.11
168,168,168,2013-10-10 06:25:00,1260650.8,0,0,-0.22,-0.11,-0.11
169,169,169,2013-10-10 06:30:00,1028933.8,0,0,-0.22,-0.11,-0.11
170,170,170,2013-10-10 06:35:00,792172.0,0,0,-0.22,-0.11,-0.11
171,171,171,2013-10-10 06:40:00,936512.8,0,0,-0.22,-0.11,-0.11
172,172,172,2013-10-10 06:45:00,1188596.2,0,0,-0.22,-0.11,-0.11
173,173,173,2013-10-10 06:50:00,1166070.0,0,0,-0.22,-0.11,-0.11
174,174,174,2013-10-10 06:55:00,924183.8,0,0,-0.22,-0.11,-0.11
175,175,175,2013-10-10 07:00:00,1702998.0,0,0,-0.22,-0.11,-0.11
176,176,176,2013-10-10 07:05:00,2861705.2,0,0,-0.22,-0.11,-0.11
177,177,177,2013-10-10 07:10:00,1146903.4,0,0,-0.22,-0.11,-0.11
178,178,178,2013-10-10 07:15:00,1051866.2,0,0,-0.22,-0.11,-0.11
179,179,179,2013-10-10 07:20:00,1196833.4,0,0,-0.22,-0.11,-0.11
180,180,180,2013-10-10 07:25:00,1439759.4,0,0,-0.22,-0.11,-0.11
181,181,181,2013-10-10 07:30:00,1084365.8,0,0,-0.22,-0.11,-0.11
182,182,182,2013-10-10 07:35:00,1227197.8,0,0,-0.22,-0.11,-0.11
183,183,183,2013-10-10 07:40:00,951286.8,0,0,-0.22,-0.11,-0.11
184,184,184,2013-10-10 07:45:00,909773.0,0,0,-0.22,-0.11,-0.11
185,185,185,2013-10-10 07:50:00,1673980.6,0,0,-0.22,-0.11,-0.11
186,186,186,2013-10-10 07:55:00,1239774.4,0,0,-0.22,-0.11,-0.11
187,187,187,2013-10-10 08:00:00,1623926.4,0,0,-0.22,-0.11,-0.11
188,188,188,2013-10-10 08:05:00,1899871.8,0,0,-0.22,-0.11,-0.11
189,189,189,2013-10-10 08:10:00,1061869.4,0,0,-0.22,-0.11,-0.11
190,190,190,2013-10-10 08:15:00,1169978.4,0,0,-0.22,-0.11,-0.11
191,191,191,2013-10-10 08:20:00,1309258.8,0,0,-0.22,-0.11,-0.11
192,192,192,2013-10-10 08:25:00,1400611.4,0,0,-0.22,-0.11,-0.11
193,193,193,2013-10-10 08:30:00,1478794.0,0,0,-0.22,-0.11,-0.11
194,194,194,2013-10-10 08:35:00,1154915.6,0,0,-0.22,-0.11,-0.11
195,195,195,2013-10-10 08:40:00,1119468.6,0,0,-0.22,-0.11,-0.11
196,196,196,2013-10-10 08:45:00,1315528.4,0,0,-0.22,-0.11,-0.11
197,197,197,2013-10-10 08:50:00,1316311.2,0,0,-0.22,-0.11,-0.11
198,198,198,2013-10-10 08:55:00,1252876.6,0,0,-0.22,-0.11,-0.11
199,199,199,2013-10-10 09:00:00,1611319.6,0,0,-0.22,-0.11,-0.11
200,200,200,2013-10-10 09:05:00,1874347.2,0,0,-0.22,-0.11,-0.11
201,201,201,2013-10-10 09:10:00,7734377.8,0,0,-0.22,-0.11,-0.11
202,202,202,2013-10-10 09:15:00,21326575.6,0,0,-0.22,-0.11,-0.11
203,203,203,2013-10-10 09:20:00,34239448.6,0,0,-0.22,-0.11,-0.11
204,204,204,2013-10-10 09:25:00,39717876.0,0,0,-0.22,-0.11,-0.11
205,205,205,2013-10-10 09:30:00,41614284.6,0,0,-0.22,-0.11,-0.11
206,206,206,2013-10-10 09:35:00,46141497.6,0,0,-0.22,-0.11,-0.11
207,207,207,2013-10-10 09:40:00,36632762.0,0,0,-0.22,-0.11,-0.11
208,208,208,2013-10-10 09:45:00,22884266.2,0,0,-0.22,-0.11,-0.11
209,209,209,2013-10-10 09:50:00,18195488.2,0,0,-0.22,-0.11,-0.11
210,210,210,2013-10-10 09:55:00,14726156.8,0,0,-0.22,-0.11,-0.11
211,211,211,2013-10-10 10:00:00,13021075.2,0,0,-0.22,-0.11,-0.11
212,212,212,2013-10-10 10:05:00,12199362.0,0,0,-0.22,-0.11,-0.11
213,213,213,2013-10-10 10:10:00,10825948.6,0,0,-0.22,-0.11,-0.11
214,214,214,2013-10-10 10:15:00,9548127.6,0,0,-0.22,-0.11,-0.11
215,215,215,2013-10-10 10:20:00,8109072.2,0,0,-0.22,-0.11,-0.11
216,216,216,2013-10-10 10:25:00,8925800.4,0,0,-0.22,-0.11,-0.11
217,217,217,2013-10-10 10:30:00,7765588.0,0,0,-0.22,-0.11,-0.11
218,218,218,2013-10-10 10:35:00,6306836.6,1,0,1.0,1.0,1.0
219,219,219,2013-10-10 10:40:00,6912175.4,1,0,0.9988874626029411,0.9988874626029411,0.9988874626029411
220,220,220,2013-10-10 10:45:00,8497172.4,1,0,0.9976844152769112,0.9976844152769112,0.9976844152769112
221,221,221,2013-10-10 10:50:00,9570483.4,1,0,0.9963836172977596,0.9963836172977596,0.9963836172977596
222,222,222,2013-10-10 10:55:00,10766459.6,1,0,0.9949772695718712,0.9949772695718712,0.9949772695718712
223,223,223,2013-10-10 11:00:00,11728221.2,1,0,0.9934569751414049,0.9934569751414049,0.9934569751414049
224,224,224,2013-10-10 11:05:00,12230082.2,1,0,0.9918136975133393,0.9918136975133393,0.9918136975133393
225,225,225,2013-10-10 11:10:00,12685043.6,1,0,0.990037716805386,0.990037716805386,0.990037716805386
226,226,226,2013-10-10 11:15:00,13446408.0,1,0,0.9881185837274016,0.9881185837274016,0.9881185837274016
227,227,227,2013-10-10 11:20:00,13995080.6,1,0,0.9860450714481678,0.9860450714481678,0.9860450714481678
228,228,228,2013-10-10 11:25:00,14218029.8,1,0,0.9838051254352488,0.9838051254352488,0.9838051254352488
229,229,229,2013-10-10 11:30:00,13467919.2,1,0,0.9813858114009484,0.9813858114009484,0.9813858114009484
230,230,230,2013-10-10 11:35:00,13460836.0,1,0,0.978773261541304,0.978773261541304,0.978773261541304
231,231,231,2013-10-10 11:40:00,13809836.0,1,0,0.9759526193186012,0.9759526193186012,0.9759526193186012
232,232,232,2013-10-10 11:45:00,14009019.0,1,0,0.9729079831123338,0.9729079831123338,0.9729079831123338
233,233,233,2013-10-10 11:50:00,13084023.6,1,0,0.9696223491500444,0.9696223491500444,0.9696223491500444
234,234,234,2013-10-10 11:55:00,12709564.2,1,0,0.9660775542293956,0.9660775542293956,0.9660775542293956
235,235,235,2013-10-10 12:00:00,12814870.4,1,0,0.9622542188573336,0.9622542188573336,0.9622542188573336
236,236,236,2013-10-10 12:05:00,11877359.0,1,0,0.9581316915625562,0.9581316915625562,0.9581316915625562
237,237,237,2013-10-10 12:10:00,11696078.2,1,0,0.9536879952847572,0.9536879952847572,0.9536879952847572
238,238,238,2013-10-10 12:15:00,11996982.8,1,0,0.9488997769091174,0.9488997769091174,0.9488997769091174
239,239,239,2013-10-10 12:20:00,11997259.8,1,0,0.9437422611978667,0.9437422611978667,0.9437422611978667
240,240,240,2013-10-10 12:25:00,11376455.0,1,0,0.938189210572483,0.938189210572483,0.938189210572483
241,241,241,2013-10-10 12:30:00,11210009.4,1,0,0.9322128924197752,0.9322128924197752,0.9322128924197752
242,242,242,2013-10-10 12:35:00,9479133.6,1,0,0.9257840558314056,0.9257840558314056,0.9257840558314056
243,243,243,2013-10-10 12:40:00,8772188.6,1,0,0.9188719199369824,0.9188719199369824,0.9188719199369824
244,244,244,2013-10-10 12:45:00,7232056.8,1,0,0.9114441762521828,0.9114441762521828,0.9114441762521828
245,245,245,2013-10-10 12:50:00,5023842.2,1,0,0.9034670077302146,0.9034670077302146,0.9034670077302146
246,246,246,2013-10-10 12:55:00,4625737.4,1,0,0.894905127470338,0.894905127470338,0.894905127470338
247,247,247,2013-10-10 13:00:00,4001864.8,1,0,0.8857218402919231,0.8857218402919231,0.8857218402919231
248,248,248,2013-10-10 13:05:00,3590778.4,1,0,0.8758791306149394,0.8758791306149394,0.8758791306149394
249,249,249,2013-10-10 13:10:00,3459420.2,1,0,0.8653377802834321,0.8653377802834321,0.8653377802834321
250,250,250,2013-10-10 13:15:00,4111032.6,1,0,0.854057520109934,0.854057520109934,0.854057520109934
251,251,251,2013-10-10 13:20:00,4421097.4,1,0,0.8419972189854174,0.8419972189854174,0.8419972189854174
252,252,252,2013-10-10 13:25:00,4455026.0,1,0,0.8291151143676492,0.8291151143676492,0.8291151143676492
253,253,253,2013-10-10 13:30:00,7491621.6,1,0,0.8153690878042898,0.8153690878042898,0.8153690878042898
254,254,254,2013-10-10 13:35:00,6655292.6,1,0,0.8007169888371286,0.8007169888371286,0.8007169888371286
255,255,255,2013-10-10 13:40:00,5443550.2,1,0,0.7851170101404976,0.7851170101404976,0.7851170101404976
256,256,256,2013-10-10 13:45:00,6155358.2,1,0,0.7685281160402224,0.7685281160402224,0.7685281160402224
257,257,257,2013-10-10 13:50:00,6492683.4,1,0,0.7509105256113747,0.7509105256113747,0.7509105256113747
258,258,258,2013-10-10 13:55:00,6950044.0,1,0,0.732226250339838,0.732226250339838,0.732226250339838
259,259,259,2013-10-10 14:00:00,6841478.0,1,0,0.7124396848376816,0.7124396848376816,0.7124396848376816
260,260,260,2013-10-10 14:05:00,6484278.0,1,0,0.6915182473196357,0.6915182473196357,0.6915182473196357
261,261,261,2013-10-10 14:10:00,6224288.0,1,0,0.669433064486017,0.669433064486017,0.669433064486017
262,262,262,2013-10-10 14:15:00,6695084.8,1,0,0.6461596931430065,0.6461596931430065,0.6461596931430065
263,263,263,2013-10-10 14:20:00,6520807.0,1,0,0.6216788683729793,0.6216788683729793,0.6216788683729793
264,264,264,2013-10-10 14:25:00,4169085.8,1,0,0.5959772654194646,0.5959772654194646,0.5959772654194646
265,265,265,2013-10-10 14:30:00,3935875.6,1,0,0.5690482597740832,0.5690482597740832,0.5690482597740832
266,266,266,2013-10-10 14:35:00,3871600.0,1,0,0.5408926673744606,0.5408926673744606,0.5408926673744606
267,267,267,2013-10-10 14:40:00,4002291.2,1,0,0.511519444495621,0.511519444495621,0.511519444495621
268,268,268,2013-10-10 14:45:00,3947186.2,1,0,0.4809463250155622,0.4809463250155622,0.4809463250155622
269,269,269,2013-10-10 14:50:00,4353851.6,1,0,0.4492003714431167,0.4492003714431167,0.4492003714431167
270,270,270,2013-10-10 14:55:00,4353784.6,1,0,0.4163184155971737,0.4163184155971737,0.4163184155971737
271,271,271,2013-10-10 15:00:00,5099945.0,1,0,0.382347365290743,0.382347365290743,0.382347365290743
272,272,272,2013-10-10 15:05:00,5771032.8,1,0,0.3473443549394635,0.3473443549394635,0.3473443549394635
273,273,273,2013-10-10 15:10:00,6843186.0,1,0,0.3113767207712836,0.3113767207712836,0.3113767207712836
274,274,274,2013-10-10 15:15:00,5279036.4,1,0,0.27452178528549,0.27452178528549,0.27452178528549
275,275,275,2013-10-10 15:20:00,6496034.2,1,0,0.2368664407387219,0.2368664407387219,0.2368664407387219
276,276,276,2013-10-10 15:25:00,4476881.4,1,0,0.1985065275786236,0.1985065275786236,0.1985065275786236
277,277,277,2013-10-10 15:30:00,7500000.4,1,0,0.1595460106683021,0.1595460106683021,0.1595460106683021
278,278,278,2013-10-10 15:35:00,4549360.8,1,0,0.1200959635306232,0.1200959635306232,0.1200959635306232
279,279,279,2013-10-10 15:40:00,4837703.4,1,0,0.080273378308728,0.080273378308728,0.080273378308728
280,280,280,2013-10-10 15:45:00,5145406.0,1,0,0.0401998262656017,0.0401998262656017,0.0401998262656017
281,281,281,2013-10-10 15:50:00,5235980.4,0,0,-0.0088661630668051,-0.0044330815334025,-0.0044330815334025
282,282,282,2013-10-10 15:55:00,4608298.0,0,0,-0.017703572880279,-0.0088517864401395,-0.0088517864401395
283,283,283,2013-10-10 16:00:00,4648481.0,0,0,-0.0264838479722979,-0.0132419239861489,-0.0132419239861489
284,284,284,2013-10-10 16:05:00,5222922.0,0,0,-0.0351793402761406,-0.0175896701380703,-0.0175896701380703
285,285,285,2013-10-10 16:10:00,5018915.4,0,0,-0.043763476879243,-0.0218817384396215,-0.0218817384396215
286,286,286,2013-10-10 16:15:00,6171433.4,0,0,-0.05221107313364,-0.02610553656682,-0.02610553656682
287,287,287,2013-10-10 16:20:00,5202479.8,0,0,-0.060498609637909,-0.0302493048189545,-0.0302493048189545
288,288,288,2013-10-10 16:25:00,3324062.0,0,0,-0.0686044671863606,-0.0343022335931803,-0.0343022335931803
289,289,289,2013-10-10 16:30:00,5081782.8,0,0,-0.0765091155488723,-0.0382545577744361,-0.0382545577744361
290,290,290,2013-10-10 16:35:00,4249074.6,0,0,-0.0841952537882962,-0.0420976268941481,-0.0420976268941481
291,291,291,2013-10-10 16:40:00,4199818.6,0,0,-0.0916479016349759,-0.0458239508174879,-0.0458239508174879
292,292,292,2013-10-10 16:45:00,5219494.2,0,0,-0.0988544431240118,-0.0494272215620059,-0.0494272215620059
293,293,293,2013-10-10 16:50:00,4694730.2,0,0,-0.1058046251825434,-0.0529023125912717,-0.0529023125912717
294,294,294,2013-10-10 16:55:00,6152926.2,0,0,-0.1124905150751373,-0.0562452575375686,-0.0562452575375686
295,295,295,2013-10-10 17:00:00,5550911.8,0,0,-0.1189064215422638,-0.0594532107711319,-0.0594532107711319
296,296,296,2013-10-10 17:05:00,4896396.0,0,0,-0.1250487850892423,-0.0625243925446211,-0.0625243925446211
297,297,297,2013-10-10 17:10:00,5670213.8,0,0,-0.1309160432103855,-0.0654580216051927,-0.0654580216051927
298,298,298,2013-10-10 17:15:00,4850725.4,0,0,-0.136508476391037,-0.0682542381955185,-0.0682542381955185
299,299,299,2013-10-10 17:20:00,4571890.4,0,0,-0.1418280405561542,-0.0709140202780771,-0.0709140202780771
300,300,300,2013-10-10 17:25:00,4536476.8,0,0,-0.1468781912725116,-0.0734390956362558,-0.0734390956362558
301,301,301,2013-10-10 17:30:00,4437847.2,0,0,-0.1516637045097457,-0.0758318522548728,-0.0758318522548728
302,302,302,2013-10-10 17:35:00,5375253.2,0,0,-0.1561904981697314,-0.0780952490848657,-0.0780952490848657
303,303,303,2013-10-10 17:40:00,4312917.2,0,0,-0.1604654579468843,-0.0802327289734421,-0.0802327289734421
304,304,304,2013-10-10 17:45:00,3983407.8,0,0,-0.1644962704210314,-0.0822481352105157,-0.0822481352105157
305,305,305,2013-10-10 17:50:00,4300847.6,0,0,-0.1682912656398612,-0.0841456328199306,-0.0841456328199306
306,306,306,2013-10-10 17:55:00,4406236.0,0,0,-0.171859270842997,-0.0859296354214985,-0.0859296354214985
307,307,307,2013-10-10 18:00:00,4374796.8,0,0,-0.1752094764308902,-0.0876047382154451,-0.0876047382154451
308,308,308,2013-10-10 18:05:00,3936344.4,1,0,1.0,1.0,1.0
309,309,309,2013-10-10 18:10:00,3846504.4,1,0,0.9988874626029411,0.9988874626029411,0.9988874626029411
310,310,310,2013-10-10 18:15:00,3692155.2,1,0,0.9976844152769112,0.9976844152769112,0.9976844152769112
311,311,311,2013-10-10 18:20:00,3217057.0,1,0,0.9963836172977596,0.9963836172977596,0.9963836172977596
312,312,312,2013-10-10 18:25:00,3820828.8,1,0,0.9949772695718712,0.9949772695718712,0.9949772695718712
313,313,313,2013-10-10 18:30:00,4718348.6,1,0,0.9934569751414049,0.9934569751414049,0.9934569751414049
314,314,314,2013-10-10 18:35:00,3415757.8,1,0,0.9918136975133393,0.9918136975133393,0.9918136975133393
315,315,315,2013-10-10 18:40:00,4203280.8,1,0,0.990037716805386,0.990037716805386,0.990037716805386
316,316,316,2013-10-10 18:45:00,3655304.0,1,0,0.9881185837274016,0.9881185837274016,0.9881185837274016
317,317,317,2013-10-10 18:50:00,3335873.0,1,0,0.9860450714481678,0.9860450714481678,0.9860450714481678
318,318,318,2013-10-10 18:55:00,3137363.0,1,0,0.9838051254352488,0.9838051254352488,0.9838051254352488
319,319,319,2013-10-10 19:00:00,3636906.4,1,0,0.9813858114009484,0.9813858114009484,0.9813858114009484
320,320,320,2013-10-10 19:05:00,3469994.6,1,0,0.978773261541304,0.978773261541304,0.978773261541304
321,321,321,2013-10-10 19:10:00,3291118.6,1,0,0.9759526193186012,0.9759526193186012,0.9759526193186012
322,322,322,2013-10-10 19:15:00,3582063.0,1,0,0.9729079831123338,0.9729079831123338,0.9729079831123338
323,323,323,2013-10-10 19:20:00,3177593.0,1,0,0.9696223491500444,0.9696223491500444,0.9696223491500444
324,324,324,2013-10-10 19:25:00,3183260.8,1,0,0.9660775542293956,0.9660775542293956,0.9660775542293956
325,325,325,2013-10-10 19:30:00,2701991.8,1,0,0.9622542188573336,0.9622542188573336,0.9622542188573336
326,326,326,2013-10-10 19:35:00,2756069.0,1,0,0.9581316915625562,0.9581316915625562,0.9581316915625562
327,327,327,2013-10-10 19:40:00,3424595.0,1,0,0.9536879952847572,0.9536879952847572,0.9536879952847572
328,328,328,2013-10-10 19:45:00,2716830.0,1,0,0.9488997769091174,0.9488997769091174,0.9488997769091174
329,329,329,2013-10-10 19:50:00,2595576.6,1,0,0.9437422611978667,0.9437422611978667,0.9437422611978667
330,330,330,2013-10-10 19:55:00,3246679.0,1,0,0.938189210572483,0.938189210572483,0.938189210572483
331,331,331,2013-10-10 20:00:00,2800273.6,1,0,0.9322128924197752,0.9322128924197752,0.9322128924197752
332,332,332,2013-10-10 20:05:00,2484272.0,1,0,0.9257840558314056,0.9257840558314056,0.9257840558314056
333,333,333,2013-10-10 20:10:00,2227412.4,1,0,0.9188719199369824,0.9188719199369824,0.9188719199369824
334,334,334,2013-10-10 20:15:00,2684762.6,1,0,0.9114441762521828,0.9114441762521828,0.9114441762521828
335,335,335,2013-10-10 20:20:00,3560943.0,1,0,0.9034670077302146,0.9034670077302146,0.9034670077302146
336,336,336,2013-10-10 20:25:00,3986034.8,1,0,0.894905127470338,0.894905127470338,0.894905127470338
337,337,337,2013-10-10 20:30:00,4382304.2,1,0,0.8857218402919231,0.8857218402919231,0.8857218402919231
338,338,338,2013-10-10 20:35:00,6511585.2,1,0,0.8758791306149394,0.8758791306149394,0.8758791306149394
339,339,339,2013-10-10 20:40:00,13757010.4,1,0,0.8653377802834321,0.8653377802834321,0.8653377802834321
340,340,340,2013-10-10 20:45:00,9203809.4,1,0,0.854057520109934,0.854057520109934,0.854057520109934
341,341,341,2013-10-10 20:50:00,5384941.6,1,0,0.8419972189854174,0.8419972189854174,0.8419972189854174
342,342,342,2013-10-10 20:55:00,3715801.6,1,0,0.8291151143676492,0.8291151143676492,0.8291151143676492
343,343,343,2013-10-10 21:00:00,3076906.8,1,0,0.8153690878042898,0.8153690878042898,0.8153690878042898
344,344,344,2013-10-10 21:05:00,2981824.0,1,0,0.8007169888371286,0.8007169888371286,0.8007169888371286
345,345,345,2013-10-10 21:10:00,2508304.8,1,0,0.7851170101404976,0.7851170101404976,0.7851170101404976
346,346,346,2013-10-10 21:15:00,2873027.0,1,0,0.7685281160402224,0.7685281160402224,0.7685281160402224
347,347,347,2013-10-10 21:20:00,2736929.8,1,0,0.7509105256113747,0.7509105256113747,0.7509105256113747
348,348,348,2013-10-10 21:25:00,2852624.6,1,0,0.732226250339838,0.732226250339838,0.732226250339838
349,349,349,2013-10-10 21:30:00,2597563.6,1,0,0.7124396848376816,0.7124396848376816,0.7124396848376816
350,350,350,2013-10-10 21:35:00,2299805.4,1,0,0.6915182473196357,0.6915182473196357,0.6915182473196357
351,351,351,2013-10-10 21:40:00,2124006.6,1,0,0.669433064486017,0.669433064486017,0.669433064486017
352,352,352,2013-10-10 21:45:00,1843232.8,1,0,0.6461596931430065,0.6461596931430065,0.6461596931430065
353,353,353,2013-10-10 21:50:00,2516452.4,1,0,0.6216788683729793,0.6216788683729793,0.6216788683729793
354,354,354,2013-10-10 21:55:00,2635773.2,1,0,0.5959772654194646,0.5959772654194646,0.5959772654194646
355,355,355,2013-10-10 22:00:00,2934168.6,1,0,0.5690482597740832,0.5690482597740832,0.5690482597740832
356,356,356,2013-10-10 22:05:00,3165361.2,1,0,0.5408926673744606,0.5408926673744606,0.5408926673744606
357,357,357,2013-10-10 22:10:00,2596034.8,1,0,0.511519444495621,0.511519444495621,0.511519444495621
358,358,358,2013-10-10 22:15:00,2365396.2,1,0,0.4809463250155622,0.4809463250155622,0.4809463250155622
359,359,359,2013-10-10 22:20:00,2410592.4,1,0,0.4492003714431167,0.4492003714431167,0.4492003714431167
360,360,360,2013-10-10 22:25:00,2411177.2,1,0,0.4163184155971737,0.4163184155971737,0.4163184155971737
361,361,361,2013-10-10 22:30:00,2817637.0,1,0,0.382347365290743,0.382347365290743,0.382347365290743
362,362,362,2013-10-10 22:35:00,2420126.0,1,0,0.3473443549394635,0.3473443549394635,0.3473443549394635
363,363,363,2013-10-10 22:40:00,2087740.6,1,0,0.3113767207712836,0.3113767207712836,0.3113767207712836
364,364,364,2013-10-10 22:45:00,1964231.0,1,0,0.27452178528549,0.27452178528549,0.27452178528549
365,365,365,2013-10-10 22:50:00,2010772.4,1,0,0.2368664407387219,0.2368664407387219,0.2368664407387219
366,366,366,2013-10-10 22:55:00,1781298.8,1,0,0.1985065275786236,0.1985065275786236,0.1985065275786236
367,367,367,2013-10-10 23:00:00,2799522.0,1,0,0.1595460106683021,0.1595460106683021,0.1595460106683021
368,368,368,2013-10-10 23:05:00,2338843.0,1,0,0.1200959635306232,0.1200959635306232,0.1200959635306232
369,369,369,2013-10-10 23:10:00,1943066.8,1,0,0.080273378308728,0.080273378308728,0.080273378308728
370,370,370,2013-10-10 23:15:00,2518236.8,1,0,0.0401998262656017,0.0401998262656017,0.0401998262656017
371,371,371,2013-10-10 23:20:00,3359710.8,0,0,-0.0088661630668051,-0.0044330815334025,-0.0044330815334025
372,372,372,2013-10-10 23:25:00,2119819.4,0,0,-0.017703572880279,-0.0088517864401395,-0.0088517864401395
373,373,373,2013-10-10 23:30:00,2216677.4,0,0,-0.0264838479722979,-0.0132419239861489,-0.0132419239861489
374,374,374,2013-10-10 23:35:00,1922451.0,0,0,-0.0351793402761406,-0.0175896701380703,-0.0175896701380703
375,375,375,2013-10-10 23:40:00,2131340.4,0,0,-0.043763476879243,-0.0218817384396215,-0.0218817384396215
376,376,376,2013-10-10 23:45:00,2174178.6,0,0,-0.05221107313364,-0.02610553656682,-0.02610553656682
377,377,377,2013-10-10 23:50:00,2053342.8,0,0,-0.060498609637909,-0.0302493048189545,-0.0302493048189545
378,378,378,2013-10-10 23:55:00,2500698.4,0,0,-0.0686044671863606,-0.0343022335931803,-0.0343022335931803
379,379,379,2013-10-11 00:00:00,2345290.8,0,0,-0.0765091155488723,-0.0382545577744361,-0.0382545577744361
380,380,380,2013-10-11 00:05:00,2157204.4,0,0,-0.0841952537882962,-0.0420976268941481,-0.0420976268941481
381,381,381,2013-10-11 00:10:00,2458691.2,0,0,-0.0916479016349759,-0.0458239508174879,-0.0458239508174879
382,382,382,2013-10-11 00:15:00,2451451.4,0,0,-0.0988544431240118,-0.0494272215620059,-0.0494272215620059
383,383,383,2013-10-11 00:20:00,2074059.4,0,0,-0.1058046251825434,-0.0529023125912717,-0.0529023125912717
384,384,384,2013-10-11 00:25:00,2823709.6,0,0,-0.1124905150751373,-0.0562452575375686,-0.0562452575375686
385,385,385,2013-10-11 00:30:00,3076168.6,0,0,-0.1189064215422638,-0.0594532107711319,-0.0594532107711319
386,386,386,2013-10-11 00:35:00,2733595.0,0,0,-0.1250487850892423,-0.0625243925446211,-0.0625243925446211
387,387,387,2013-10-11 00:40:00,2627582.6,0,0,-0.1309160432103855,-0.0654580216051927,-0.0654580216051927
388,388,388,2013-10-11 00:45:00,2571875.4,0,0,-0.136508476391037,-0.0682542381955185,-0.0682542381955185
389,389,389,2013-10-11 00:50:00,2763043.4,0,0,-0.1418280405561542,-0.0709140202780771,-0.0709140202780771
390,390,390,2013-10-11 00:55:00,3373233.6,0,0,-0.1468781912725116,-0.0734390956362558,-0.0734390956362558
391,391,391,2013-10-11 01:00:00,2596747.2,0,0,-0.1516637045097457,-0.0758318522548728,-0.0758318522548728
392,392,392,2013-10-11 01:05:00,2573697.0,0,0,-0.1561904981697314,-0.0780952490848657,-0.0780952490848657
393,393,393,2013-10-11 01:10:00,2585580.8,0,0,-0.1604654579468843,-0.0802327289734421,-0.0802327289734421
394,394,394,2013-10-11 01:15:00,2926060.2,0,0,-0.1644962704210314,-0.0822481352105157,-0.0822481352105157
395,395,395,2013-10-11 01:20:00,2721994.2,0,0,-0.1682912656398612,-0.0841456328199306,-0.0841456328199306
396,396,396,2013-10-11 01:25:00,2826090.8,0,0,-0.171859270842997,-0.0859296354214985,-0.0859296354214985
397,397,397,2013-10-11 01:30:00,3175531.0,0,0,-0.1752094764308902,-0.0876047382154451,-0.0876047382154451
398,398,398,2013-10-11 01:35:00,2783067.4,0,0,-0.1783513147992652,-0.0891756573996326,-0.0891756573996326
399,399,399,2013-10-11 01:40:00,2646577.8,0,0,-0.1812943522486487,-0.0906471761243243,-0.0906471761243243
400,400,400,2013-10-11 01:45:00,2249622.8,0,0,-0.1840481938391811,-0.0920240969195905,-0.0920240969195905
401,401,401,2013-10-11 01:50:00,2380653.2,0,0,-0.1866224007906528,-0.0933112003953264,-0.0933112003953264
402,402,402,2013-10-11 01:55:00,3353167.8,0,0,-0.1890264198214539,-0.0945132099107269,-0.0945132099107269
403,403,403,2013-10-11 02:00:00,2691037.4,0,0,-0.1912695236712261,-0.095634761835613,-0.095634761835613
404,404,404,2013-10-11 02:05:00,2815953.6,0,0,-0.1933607619530448,-0.0966803809765224,-0.0966803809765224
405,405,405,2013-10-11 02:10:00,2388228.8,0,0,-0.1953089214242506,-0.0976544607121253,-0.0976544607121253
406,406,406,2013-10-11 02:15:00,2607510.2,0,0,-0.1971224947431033,-0.0985612473715516,-0.0985612473715516
407,407,407,2013-10-11 02:20:00,2258206.2,0,0,-0.1988096567842223,-0.0994048283921111,-0.0994048283921111
408,408,408,2013-10-11 02:25:00,2119898.0,0,0,-0.2003782476129464,-0.1001891238064732,-0.1001891238064732
409,409,409,2013-10-11 02:30:00,2234826.6,0,0,-0.2018357612617104,-0.1009178806308552,-0.1009178806308552
410,410,410,2013-10-11 02:35:00,2029213.0,0,0,-0.2031893395054994,-0.1015946697527497,-0.1015946697527497
411,411,411,2013-10-11 02:40:00,2022639.2,0,0,-0.2044457698944213,-0.1022228849472106,-0.1022228849472106
412,412,412,2013-10-11 02:45:00,2477133.0,0,0,-0.2056114873661654,-0.1028057436830827,-0.1028057436830827
413,413,413,2013-10-11 02:50:00,2322718.8,0,0,-0.2066925788270267,-0.1033462894135133,-0.1033462894135133
414,414,414,2013-10-11 02:55:00,2451926.6,0,0,-0.2076947901552756,-0.1038473950776378,-0.1038473950776378
415,415,415,2013-10-11 03:00:00,3751994.8,0,0,-0.208623535143475,-0.1043117675717375,-0.1043117675717375
416,416,416,2013-10-11 03:05:00,3835848.4,0,0,-0.2094839059558485,-0.1047419529779242,-0.1047419529779242
417,417,417,2013-10-11 03:10:00,4605135.8,0,0,-0.2102806847322925,-0.1051403423661462,-0.1051403423661462
418,418,418,2013-10-11 03:15:00,2598200.0,0,0,-0.2110183560216997,-0.1055091780108498,-0.1055091780108498
419,419,419,2013-10-11 03:20:00,2721577.4,0,0,-0.2117011197737387,-0.1058505598868693,-0.1058505598868693
420,420,420,2013-10-11 03:25:00,2402112.2,0,0,-0.2123329046601021,-0.106166452330051,-0.106166452330051
421,421,421,2013-10-11 03:30:00,2573645.6,0,0,-0.2129173815336036,-0.1064586907668018,-0.1064586907668018
422,422,422,2013-10-11 03:35:00,1869702.6,0,0,-0.2134579768665881,-0.106728988433294,-0.106728988433294
423,423,423,2013-10-11 03:40:00,2195341.8,0,0,-0.2139578860391661,-0.106978943019583,-0.106978943019583
424,424,424,2013-10-11 03:45:00,2179106.2,0,0,-0.2144200863731065,-0.1072100431865532,-0.1072100431865532
425,425,425,2013-10-11 03:50:00,2224773.8,0,0,-0.2148473498291336,-0.1074236749145668,-0.1074236749145668
426,426,426,2013-10-11 03:55:00,2051167.2,0,0,-0.2152422553041994,-0.1076211276520997,-0.1076211276520997
427,427,427,2013-10-11 04:00:00,2076078.6,0,0,-0.2156072004813545,-0.1078036002406772,-0.1078036002406772
428,428,428,2013-10-11 04:05:00,2338487.0,0,0,-0.2159444131984338,-0.1079722065992169,-0.1079722065992169
429,429,429,2013-10-11 04:10:00,2322368.6,0,0,-0.216255962313184,-0.108127981156592,-0.108127981156592
430,430,430,2013-10-11 04:15:00,2213996.4,0,0,-0.2165437680519595,-0.1082718840259797,-0.1082718840259797
431,431,431,2013-10-11 04:20:00,1960851.4,0,0,-0.216809611836953,-0.1084048059184765,-0.1084048059184765
432,432,432,2013-10-11 04:25:00,2122598.6,0,0,-0.2170551455933146,-0.1085275727966573,-0.1085275727966573
433,433,433,2013-10-11 04:30:00,2050746.2,0,0,-0.2172819005426624,-0.1086409502713312,-0.1086409502713312
434,434,434,2013-10-11 04:35:00,1663046.4,0,0,-0.2174912954935711,-0.1087456477467855,-0.1087456477467855
435,435,435,2013-10-11 04:40:00,1939977.0,0,0,-0.217684644642799,-0.1088423223213995,-0.1088423223213995
436,436,436,2013-10-11 04:45:00,1737724.6,0,0,-0.2178631649034226,-0.1089315824517113,-0.1089315824517113
437,437,437,2013-10-11 04:50:00,2021960.8,0,0,-0.2180279827778094,-0.1090139913889047,-0.1090139913889047
438,438,438,2013-10-11 04:55:00,2004803.6,0,0,-0.2181801407945838,-0.1090900703972919,-0.1090900703972919
439,439,439,2013-10-11 05:00:00,2166114.6,0,0,-0.2183206035295158,-0.1091603017647579,-0.1091603017647579
440,440,440,2013-10-11 05:05:00,1853609.6,0,0,-0.218450263230672,-0.109225131615336,-0.109225131615336
441,441,441,2013-10-11 05:10:00,1976750.8,0,0,-0.2185699450682763,-0.1092849725341381,-0.1092849725341381
442,442,442,2013-10-11 05:15:00,2105559.2,0,0,-0.2186804120295973,-0.1093402060147986,-0.1093402060147986
443,443,443,2013-10-11 05:20:00,1761453.0,0,0,-0.2187823694788542,-0.1093911847394271,-0.1093911847394271
444,444,444,2013-10-11 05:25:00,2153253.4,0,0,-0.2188764694016612,-0.1094382347008306,-0.1094382347008306
445,445,445,2013-10-11 05:30:00,1780847.8,0,0,-0.2189633143529417,-0.1094816571764708,-0.1094816571764708
446,446,446,2013-10-11 05:35:00,2041699.2,0,0,-0.2190434611265712,-0.1095217305632856,-0.1095217305632856
447,447,447,2013-10-11 05:40:00,1819123.4,0,0,-0.2191174241642754,-0.1095587120821377,-0.1095587120821377
448,448,448,2013-10-11 05:45:00,1892495.8,0,0,-0.2191856787205333,-0.1095928393602666,-0.1095928393602666
449,449,449,2013-10-11 05:50:00,2131994.0,0,0,-0.2192486637994432,-0.1096243318997216,-0.1096243318997216
450,450,450,2013-10-11 05:55:00,2037706.0,0,0,-0.2193067848786978,-0.1096533924393489,-0.1096533924393489
451,451,451,2013-10-11 06:00:00,2019189.0,0,0,-0.2193604164350097,-0.1096802082175048,-0.1096802082175048
452,452,452,2013-10-11 06:05:00,1799215.4,0,0,-0.2194099042845332,-0.1097049521422666,-0.1097049521422666
453,453,453,2013-10-11 06:10:00,1805860.4,0,0,-0.2194555677510452,-0.1097277838755226,-0.1097277838755226
454,454,454,2013-10-11 06:15:00,1768089.2,0,0,-0.219497701673892,-0.109748850836946,-0.109748850836946
455,455,455,2013-10-11 06:20:00,2498414.8,0,0,-0.2195365782669713,-0.1097682891334856,-0.1097682891334856
456,456,456,2013-10-11 06:25:00,2238022.2,0,0,-0.2195724488393165,-0.1097862244196582,-0.1097862244196582
457,457,457,2013-10-11 06:30:00,2159250.6,0,0,-0.2196055453871748,-0.1098027726935874,-0.1098027726935874
458,458,458,2013-10-11 06:35:00,2639714.6,0,0,-0.2196360820668239,-0.1098180410334119,-0.1098180410334119
459,459,459,2013-10-11 06:40:00,2171903.2,0,0,-0.2196642565567645,-0.1098321282783822,-0.1098321282783822
460,460,460,2013-10-11 06:45:00,2519590.8,0,0,-0.2196902513173419,-0.1098451256586709,-0.1098451256586709
461,461,461,2013-10-11 06:50:00,2841035.4,0,0,-0.2197142347553051,-0.1098571173776525,-0.1098571173776525
462,462,462,2013-10-11 06:55:00,2955063.4,0,0,-0.2197363623002932,-0.1098681811501466,-0.1098681811501466
463,463,463,2013-10-11 07:00:00,2999436.2,0,0,-0.2197567773997536,-0.1098783886998768,-0.1098783886998768
464,464,464,2013-10-11 07:05:00,3614117.4,0,0,-0.2197756124383392,-0.1098878062191696,-0.1098878062191696
465,465,465,2013-10-11 07:10:00,3138828.0,0,0,-0.2197929895874045,-0.1098964947937022,-0.1098964947937022
466,466,466,2013-10-11 07:15:00,2943885.2,0,0,-0.2198090215898185,-0.1099045107949092,-0.1099045107949092
467,467,467,2013-10-11 07:20:00,3058868.2,0,0,-0.2198238124849366,-0.1099119062424683,-0.1099119062424683
468,468,468,2013-10-11 07:25:00,3485896.2,0,0,-0.2198374582782268,-0.1099187291391134,-0.1099187291391134
469,469,469,2013-10-11 07:30:00,3034602.4,0,0,-0.2198500475597132,-0.1099250237798566,-0.1099250237798566
470,470,470,2013-10-11 07:35:00,3229994.2,0,0,-0.2198616620751011,-0.1099308310375505,-0.1099308310375505
471,471,471,2013-10-11 07:40:00,3210041.0,0,0,-0.219872377253159,-0.1099361886265795,-0.1099361886265795
472,472,472,2013-10-11 07:45:00,3268730.4,0,0,-0.219882262692673,-0.1099411313463365,-0.1099411313463365
473,473,473,2013-10-11 07:50:00,4081030.8,0,0,-0.2198913826120395,-0.1099456913060197,-0.1099456913060197
474,474,474,2013-10-11 07:55:00,4146895.2,0,0,-0.2198997962643389,-0.1099498981321694,-0.1099498981321694
475,475,475,2013-10-11 08:00:00,3599528.0,0,0,-0.2199075583205158,-0.1099537791602579,-0.1099537791602579
476,476,476,2013-10-11 08:05:00,3779623.6,0,0,-0.2199147192230982,-0.1099573596115491,-0.1099573596115491
477,477,477,2013-10-11 08:10:00,3734695.8,0,0,-0.2199213255127045,-0.1099606627563522,-0.1099606627563522
478,478,478,2013-10-11 08:15:00,3843868.2,0,0,-0.2199274201294175,-0.1099637100647087,-0.1099637100647087
479,479,479,2013-10-11 08:20:00,3627613.4,0,0,-0.2199330426909487,-0.1099665213454743,-0.1099665213454743
480,480,480,2013-10-11 08:25:00,3246938.2,0,0,-0.21993822974937,-0.109969114874685,-0.109969114874685
481,481,481,2013-10-11 08:30:00,3139698.4,0,0,-0.2199430150280552,-0.1099715075140276,-0.1099715075140276
482,482,482,2013-10-11 08:35:00,3022623.2,0,0,-0.2199474296403506,-0.1099737148201753,-0.1099737148201753
483,483,483,2013-10-11 08:40:00,3175430.4,0,0,-0.2199515022913766,-0.1099757511456883,-0.1099757511456883
484,484,484,2013-10-11 08:45:00,2937446.6,0,0,-0.2199552594642563,-0.1099776297321281,-0.1099776297321281
485,485,485,2013-10-11 08:50:00,2705773.0,0,0,-0.2199587255919688,-0.1099793627959844,-0.1099793627959844
486,486,486,2013-10-11 08:55:00,2281336.2,0,0,-0.2199619232159333,-0.1099809616079666,-0.1099809616079666
487,487,487,2013-10-11 09:00:00,2721626.8,0,0,-0.2199648731323437,-0.1099824365661718,-0.1099824365661718
488,488,488,2013-10-11 09:05:00,2526060.2,0,0,-0.2199675945271997,-0.1099837972635998,-0.1099837972635998
489,489,489,2013-10-11 09:10:00,1943263.0,0,0,-0.2199701051009028,-0.1099850525504514,-0.1099850525504514
490,490,490,2013-10-11 09:15:00,2115264.8,0,0,-0.2199724211832228,-0.1099862105916114,-0.1099862105916114
491,491,491,2013-10-11 09:20:00,1716114.6,0,0,-0.2199745578393773,-0.1099872789196886,-0.1099872789196886
492,492,492,2013-10-11 09:25:00,1689399.4,0,0,-0.219976528967909,-0.1099882644839545,-0.1099882644839545
493,493,493,2013-10-11 09:30:00,1614255.4,0,0,-0.219978347390995,-0.1099891736954975,-0.1099891736954975
494,494,494,2013-10-11 09:35:00,1586300.6,0,0,-0.2199800249377709,-0.1099900124688854,-0.1099900124688854
495,495,495,2013-10-11 09:40:00,1945050.0,0,0,-0.2199815725212098,-0.1099907862606049,-0.1099907862606049
496,496,496,2013-10-11 09:45:00,1419494.6,0,0,-0.2199830002090541,-0.109991500104527,-0.109991500104527
497,497,497,2013-10-11 09:50:00,2052665.4,0,0,-0.2199843172892591,-0.1099921586446295,-0.1099921586446295
498,498,498,2013-10-11 09:55:00,1503766.4,0,0,-0.2199855323303725,-0.1099927661651862,-0.1099927661651862
499,499,499,2013-10-11 10:00:00,1425593.8,0,0,-0.2199866532372416,-0.1099933266186208,-0.1099933266186208
500,500,500,2013-10-11 10:05:00,1564241.2,0,0,-0.2199876873024091,-0.1099938436512045,-0.1099938436512045
501,501,501,2013-10-11 10:10:00,1445060.2,0,0,-0.2199886412535306,-0.1099943206267653,-0.1099943206267653
502,502,502,2013-10-11 10:15:00,1402325.6,0,0,-0.2199895212971219,-0.1099947606485609,-0.1099947606485609
503,503,503,2013-10-11 10:20:00,1630047.2,0,0,-0.2199903331589197,-0.1099951665794598,-0.1099951665794598
504,504,504,2013-10-11 10:25:00,1315837.2,0,0,-0.2199910821211174,-0.1099955410605587,-0.1099955410605587
505,505,505,2013-10-11 10:30:00,1399811.8,0,0,-0.2199917730567188,-0.1099958865283594,-0.1099958865283594
506,506,506,2013-10-11 10:35:00,1653111.4,0,0,-0.219992410461231,-0.1099962052306155,-0.1099962052306155
507,507,507,2013-10-11 10:40:00,1317575.4,0,0,-0.2199929984819036,-0.1099964992409518,-0.1099964992409518
508,508,508,2013-10-11 10:45:00,1333332.8,0,0,-0.2199935409447042,-0.1099967704723521,-0.1099967704723521
509,509,509,2013-10-11 10:50:00,1646857.6,0,0,-0.2199940413792046,-0.1099970206896023,-0.1099970206896023
510,510,510,2013-10-11 10:55:00,1436422.6,0,0,-0.2199945030415395,-0.1099972515207697,-0.1099972515207697
511,511,511,2013-10-11 11:00:00,1447339.2,0,0,-0.219994928935588,-0.109997464467794,-0.109997464467794
512,512,512,2013-10-11 11:05:00,1613220.4,0,0,-0.219995321832514,-0.109997660916257,-0.109997660916257
513,513,513,2013-10-11 11:10:00,1662310.2,0,0,-0.2199956842887933,-0.1099978421443966,-0.1099978421443966
514,514,514,2013-10-11 11:15:00,1545840.2,0,0,-0.2199960186628446,-0.1099980093314223,-0.1099980093314223
515,515,515,2013-10-11 11:20:00,2411798.8,0,0,-0.2199963271303726,-0.1099981635651863,-0.1099981635651863
516,516,516,2013-10-11 11:25:00,2392206.4,0,0,-0.2199966116985223,-0.1099983058492611,-0.1099983058492611
517,517,517,2013-10-11 11:30:00,2101047.4,0,0,-0.2199968742189369,-0.1099984371094684,-0.1099984371094684
518,518,518,2013-10-11 11:35:00,1488686.2,0,0,-0.2199971163998047,-0.1099985581999023,-0.1099985581999023
519,519,519,2013-10-11 11:40:00,2004115.6,0,0,-0.2199973398169725,-0.1099986699084862,-0.1099986699084862
520,520,520,2013-10-11 11:45:00,1691222.6,0,0,-0.2199975459241982,-0.1099987729620991,-0.1099987729620991
521,521,521,2013-10-11 11:50:00,2059449.4,0,0,-0.2199977360626091,-0.1099988680313045,-0.1099988680313045
522,522,522,2013-10-11 11:55:00,2161052.6,0,0,-0.219997911469428,-0.109998955734714,-0.109998955734714
523,523,523,2013-10-11 12:00:00,2587023.0,0,0,-0.2199980732860224,-0.1099990366430112,-0.1099990366430112
524,524,524,2013-10-11 12:05:00,3038556.8,0,0,-0.219998222565331,-0.1099991112826655,-0.1099991112826655
525,525,525,2013-10-11 12:10:00,3019801.6,0,0,-0.2199983602787149,-0.1099991801393574,-0.1099991801393574
526,526,526,2013-10-11 12:15:00,3016383.4,0,0,-0.2199984873222772,-0.1099992436611386,-0.1099992436611386
527,527,527,2013-10-11 12:20:00,3488911.0,0,0,-0.2199986045226937,-0.1099993022613468,-0.1099993022613468
528,528,528,2013-10-11 12:25:00,3639406.4,0,0,-0.2199987126425922,-0.1099993563212961,-0.1099993563212961
529,529,529,2013-10-11 12:30:00,4288769.2,0,0,-0.2199988123855139,-0.1099994061927569,-0.1099994061927569
530,530,530,2013-10-11 12:35:00,4508238.6,0,0,-0.2199989044004918,-0.1099994522002459,-0.1099994522002459
531,531,531,2013-10-11 12:40:00,3876246.2,0,0,-0.2199989892862736,-0.1099994946431368,-0.1099994946431368
532,532,532,2013-10-11 12:45:00,3620962.8,0,0,-0.2199990675952171,-0.1099995337976085,-0.1099995337976085
533,533,533,2013-10-11 12:50:00,4616707.2,0,0,-0.2199991398368852,-0.1099995699184426,-0.1099995699184426
534,534,534,2013-10-11 12:55:00,4108598.8,0,0,-0.2199992064813606,-0.1099996032406803,-0.1099996032406803
535,535,535,2013-10-11 13:00:00,4354785.6,0,0,-0.2199992679623052,-0.1099996339811526,-0.1099996339811526
536,536,536,2013-10-11 13:05:00,4086370.4,0,0,-0.2199993246797817,-0.1099996623398908,-0.1099996623398908
537,537,537,2013-10-11 13:10:00,4152349.6,0,0,-0.2199993770028566,-0.1099996885014283,-0.1099996885014283
538,538,538,2013-10-11 13:15:00,4059468.6,0,0,-0.219999425272002,-0.109999712636001,-0.109999712636001
539,539,539,2013-10-11 13:20:00,4503811.6,0,0,-0.2199994698013106,-0.1099997349006553,-0.1099997349006553
540,540,540,2013-10-11 13:25:00,4255971.6,0,0,-0.2199995108805401,-0.10999975544027,-0.10999975544027
541,541,541,2013-10-11 13:30:00,4555081.6,0,0,-0.2199995487769979,-0.1099997743884989,-0.1099997743884989
542,542,542,2013-10-11 13:35:00,3962572.6,0,0,-0.219999583737281,-0.1099997918686405,-0.1099997918686405
543,543,543,2013-10-11 13:40:00,4546405.8,0,0,-0.2199996159888806,-0.1099998079944403,-0.1099998079944403
544,544,544,2013-10-11 13:45:00,4112242.4,0,0,-0.219999645741662,-0.109999822870831,-0.109999822870831
545,545,545,2013-10-11 13:50:00,3963009.4,0,0,-0.2199996731892306,-0.1099998365946153,-0.1099998365946153
546,546,546,2013-10-11 13:55:00,4264964.2,0,0,-0.2199996985101916,-0.1099998492550958,-0.1099998492550958
547,547,547,2013-10-11 14:00:00,4711787.0,0,0,-0.2199997218693118,-0.1099998609346559,-0.1099998609346559
548,548,548,2013-10-11 14:05:00,4008551.6,0,0,-0.2199997434185925,-0.1099998717092962,-0.1099998717092962
549,549,549,2013-10-11 14:10:00,3886748.4,0,0,-0.219999763298258,-0.109999881649129,-0.109999881649129
550,550,550,2013-10-11 14:15:00,4360407.8,0,0,-0.219999781637668,-0.109999890818834,-0.109999890818834
551,551,551,2013-10-11 14:20:00,3777113.6,0,0,-0.2199997985561598,-0.1099998992780799,-0.1099998992780799
552,552,552,2013-10-11 14:25:00,4448038.4,0,0,-0.2199998141638247,-0.1099999070819123,-0.1099999070819123
553,553,553,2013-10-11 14:30:00,4350720.0,0,0,-0.2199998285622239,-0.1099999142811119,-0.1099999142811119
554,554,554,2013-10-11 14:35:00,4000456.4,0,0,-0.2199998418450501,-0.109999920922525,-0.109999920922525
555,555,555,2013-10-11 14:40:00,3757759.0,0,0,-0.2199998540987366,-0.1099999270493683,-0.1099999270493683
556,556,556,2013-10-11 14:45:00,3714593.2,0,0,-0.2199998654030201,-0.10999993270151,-0.10999993270151
557,557,557,2013-10-11 14:50:00,3802077.8,0,0,-0.22,-0.11,-0.11
558,558,558,2013-10-11 14:55:00,4170299.8,0,0,-0.22,-0.11,-0.11
559,559,559,2013-10-11 15:00:00,5127343.2,0,0,-0.22,-0.11,-0.11
560,560,560,2013-10-11 15:05:00,5878506.0,0,0,-0.22,-0.11,-0.11
561,561,561,2013-10-11 15:10:00,7135374.6,0,0,-0.22,-0.11,-0.11
562,562,562,2013-10-11 15:15:00,5958465.2,0,0,-0.22,-0.11,-0.11
563,563,563,2013-10-11 15:20:00,5198396.6,0,0,-0.22,-0.11,-0.11
564,564,564,2013-10-11 15:25:00,4433295.4,0,0,-0.22,-0.11,-0.11
565,565,565,2013-10-11 15:30:00,4855605.8,0,0,-0.22,-0.11,-0.11
566,566,566,2013-10-11 15:35:00,4924891.2,0,0,-0.22,-0.11,-0.11
567,567,567,2013-10-11 15:40:00,4788996.0,0,0,-0.22,-0.11,-0.11
568,568,568,2013-10-11 15:45:00,4697164.6,0,0,-0.22,-0.11,-0.11
569,569,569,2013-10-11 15:50:00,4682754.0,0,0,-0.22,-0.11,-0.11
570,570,570,2013-10-11 15:55:00,4119163.4,0,0,-0.22,-0.11,-0.11
571,571,571,2013-10-11 16:00:00,5152299.2,0,0,-0.22,-0.11,-0.11
572,572,572,2013-10-11 16:05:00,5840876.0,0,0,-0.22,-0.11,-0.11
573,573,573,2013-10-11 16:10:00,4851767.2,0,0,-0.22,-0.11,-0.11
574,574,574,2013-10-11 16:15:00,5146560.4,0,0,-0.22,-0.11,-0.11
575,575,575,2013-10-11 16:20:00,4523770.8,0,0,-0.22,-0.11,-0.11
576,576,576,2013-10-11 16:25:00,5435023.6,0,0,-0.22,-0.11,-0.11
577,577,577,2013-10-11 16:30:00,4971937.8,0,0,-0.22,-0.11,-0.11
578,578,578,2013-10-11 16:35:00,5635966.8,0,0,-0.22,-0.11,-0.11
579,579,579,2013-10-11 16:40:00,5122805.8,0,0,-0.22,-0.11,-0.11
580,580,580,2013-10-11 16:45:00,5066339.0,0,0,-0.22,-0.11,-0.11
581,581,581,2013-10-11 16:50:00,5091821.0,0,0,-0.22,-0.11,-0.11
582,582,582,2013-10-11 16:55:00,5286978.0,0,0,-0.22,-0.11,-0.11
583,583,583,2013-10-11 17:00:00,4617354.2,0,0,-0.22,-0.11,-0.11
584,584,584,2013-10-11 17:05:00,5074936.2,0,0,-0.22,-0.11,-0.11
585,585,585,2013-10-11 17:10:00,4946120.0,0,0,-0.22,-0.11,-0.11
586,586,586,2013-10-11 17:15:00,6072816.0,0,0,-0.22,-0.11,-0.11
587,587,587,2013-10-11 17:20:00,5499821.0,0,0,-0.22,-0.11,-0.11
588,588,588,2013-10-11 17:25:00,5616319.6,0,0,-0.22,-0.11,-0.11
589,589,589,2013-10-11 17:30:00,6105407.6,0,0,-0.22,-0.11,-0.11
590,590,590,2013-10-11 17:35:00,5154501.0,0,0,-0.22,-0.11,-0.11
591,591,591,2013-10-11 17:40:00,4878282.2,0,0,-0.22,-0.11,-0.11
592,592,592,2013-10-11 17:45:00,5460952.2,0,0,-0.22,-0.11,-0.11
593,593,593,2013-10-11 17:50:00,5431154.6,0,0,-0.22,-0.11,-0.11
594,594,594,2013-10-11 17:55:00,6670608.0,0,0,-0.22,-0.11,-0.11
595,595,595,2013-10-11 18:00:00,6095858.6,0,0,-0.22,-0.11,-0.11
596,596,596,2013-10-11 18:05:00,6956541.4,0,0,-0.22,-0.11,-0.11
597,597,597,2013-10-11 18:10:00,6199730.6,0,0,-0.22,-0.11,-0.11
598,598,598,2013-10-11 18:15:00,5714497.8,0,0,-0.22,-0.11,-0.11
599,599,599,2013-10-11 18:20:00,6457977.6,0,0,-0.22,-0.11,-0.11
600,600,600,2013-10-11 18:25:00,5753349.2,0,0,-0.22,-0.11,-0.11
601,601,601,2013-10-11 18:30:00,6047827.2,0,0,-0.22,-0.11,-0.11
602,602,602,2013-10-11 18:35:00,6658760.6,0,0,-0.22,-0.11,-0.11
603,603,603,2013-10-11 18:40:00,5845224.0,0,0,-0.22,-0.11,-0.11
604,604,604,2013-10-11 18:45:00,6342895.4,0,0,-0.22,-0.11,-0.11
605,605,605,2013-10-11 18:50:00,6092819.0,0,0,-0.22,-0.11,-0.11
606,606,606,2013-10-11 18:55:00,6495620.4,0,0,-0.22,-0.11,-0.11
607,607,607,2013-10-11 19:00:00,6848253.4,0,0,-0.22,-0.11,-0.11
608,608,608,2013-10-11 19:05:00,7022389.4,0,0,-0.22,-0.11,-0.11
609,609,609,2013-10-11 19:10:00,6095139.6,0,0,-0.22,-0.11,-0.11
610,610,610,2013-10-11 19:15:00,5196470.0,0,0,-0.22,-0.11,-0.11
611,611,611,2013-10-11 19:20:00,6245523.6,0,0,-0.22,-0.11,-0.11
612,612,612,2013-10-11 19:25:00,6063450.0,0,0,-0.22,-0.11,-0.11
613,613,613,2013-10-11 19:30:00,5752171.4,0,0,-0.22,-0.11,-0.11
614,614,614,2013-10-11 19:35:00,6961971.2,0,0,-0.22,-0.11,-0.11
615,615,615,2013-10-11 19:40:00,5756761.6,0,0,-0.22,-0.11,-0.11
616,616,616,2013-10-11 19:45:00,6439968.0,0,0,-0.22,-0.11,-0.11
617,617,617,2013-10-11 19:50:00,6029420.4,0,0,-0.22,-0.11,-0.11
618,618,618,2013-10-11 19:55:00,5526105.2,0,0,-0.22,-0.11,-0.11
619,619,619,2013-10-11 20:00:00,5683547.4,0,0,-0.22,-0.11,-0.11
620,620,620,2013-10-11 20:05:00,5640075.6,0,0,-0.22,-0.11,-0.11
621,621,621,2013-10-11 20:10:00,5640589.8,0,0,-0.22,-0.11,-0.11
622,622,622,2013-10-11 20:15:00,5567824.0,0,0,-0.22,-0.11,-0.11
623,623,623,2013-10-11 20:20:00,5077413.0,0,0,-0.22,-0.11,-0.11
624,624,624,2013-10-11 20:25:00,5764415.0,0,0,-0.22,-0.11,-0.11
625,625,625,2013-10-11 20:30:00,6909404.8,0,0,-0.22,-0.11,-0.11
626,626,626,2013-10-11 20:35:00,7339086.6,0,0,-0.22,-0.11,-0.11
627,627,627,2013-10-11 20:40:00,10412561.6,0,0,-0.22,-0.11,-0.11
628,628,628,2013-10-11 20:45:00,7364122.0,0,0,-0.22,-0.11,-0.11
629,629,629,2013-10-11 20:50:00,5189782.4,0,0,-0.22,-0.11,-0.11
630,630,630,2013-10-11 20:55:00,3723893.6,0,0,-0.22,-0.11,-0.11
631,631,631,2013-10-11 21:00:00,6623585.8,0,0,-0.22,-0.11,-0.11
632,632,632,2013-10-11 21:05:00,4414673.2,0,0,-0.22,-0.11,-0.11
633,633,633,2013-10-11 21:10:00,9307313.4,0,0,-0.22,-0.11,-0.11
634,634,634,2013-10-11 21:15:00,3958717.2,0,0,-0.22,-0.11,-0.11
635,635,635,2013-10-11 21:20:00,4500197.4,0,0,-0.22,-0.11,-0.11
636,636,636,2013-10-11 21:25:00,4809785.2,0,0,-0.22,-0.11,-0.11
637,637,637,2013-10-11 21:30:00,4220875.4,0,0,-0.22,-0.11,-0.11
638,638,638,2013-10-11 21:35:00,4678269.8,0,0,-0.22,-0.11,-0.11
639,639,639,2013-10-11 21:40:00,4023287.8,0,0,-0.22,-0.11,-0.11
640,640,640,2013-10-11 21:45:00,4025726.2,0,0,-0.22,-0.11,-0.11
641,641,641,2013-10-11 21:50:00,4899668.2,0,0,-0.22,-0.11,-0.11
642,642,642,2013-10-11 21:55:00,4500448.2,0,0,-0.22,-0.11,-0.11
643,643,643,2013-10-11 22:00:00,5425124.2,0,0,-0.22,-0.11,-0.11
644,644,644,2013-10-11 22:05:00,4736342.6,0,0,-0.22,-0.11,-0.11
645,645,645,2013-10-11 22:10:00,3897116.4,0,0,-0.22,-0.11,-0.11
646,646,646,2013-10-11 22:15:00,4175719.2,0,0,-0.22,-0.11,-0.11
647,647,647,2013-10-11 22:20:00,3768877.4,0,0,-0.22,-0.11,-0.11
648,648,648,2013-10-11 22:25:00,3633691.4,0,0,-0.22,-0.11,-0.11
649,649,649,2013-10-11 22:30:00,3136307.2,0,0,-0.22,-0.11,-0.11
650,650,650,2013-10-11 22:35:00,3600642.0,0,0,-0.22,-0.11,-0.11
651,651,651,2013-10-11 22:40:00,3480859.4,0,0,-0.22,-0.11,-0.11
652,652,652,2013-10-11 22:45:00,3182200.6,0,0,-0.22,-0.11,-0.11
653,653,653,2013-10-11 22:50:00,3398359.6,0,0,-0.22,-0.11,-0.11
654,654,654,2013-10-11 22:55:00,3428305.6,0,0,-0.22,-0.11,-0.11
655,655,655,2013-10-11 23:00:00,3942081.2,0,0,-0.22,-0.11,-0.11
656,656,656,2013-10-11 23:05:00,3610477.8,0,0,-0.22,-0.11,-0.11
657,657,657,2013-10-11 23:10:00,2606589.8,0,0,-0.22,-0.11,-0.11
658,658,658,2013-10-11 23:15:00,2532067.6,0,0,-0.22,-0.11,-0.11
659,659,659,2013-10-11 23:20:00,3795175.8,0,0,-0.22,-0.11,-0.11
660,660,660,2013-10-11 23:25:00,4031016.2,0,0,-0.22,-0.11,-0.11
661,661,661,2013-10-11 23:30:00,3087124.6,0,0,-0.22,-0.11,-0.11
662,662,662,2013-10-11 23:35:00,2645886.2,0,0,-0.22,-0.11,-0.11
663,663,663,2013-10-11 23:40:00,2921061.8,0,0,-0.22,-0.11,-0.11
664,664,664,2013-10-11 23:45:00,2868193.8,0,0,-0.22,-0.11,-0.11
665,665,665,2013-10-11 23:50:00,3678312.0,0,0,-0.22,-0.11,-0.11
666,666,666,2013-10-11 23:55:00,3993569.2,0,0,-0.22,-0.11,-0.11
667,667,667,2013-10-12 00:00:00,3155317.8,0,0,-0.22,-0.11,-0.11
668,668,668,2013-10-12 00:05:00,2577275.4,0,0,-0.22,-0.11,-0.11
669,669,669,2013-10-12 00:10:00,2030924.2,0,0,-0.22,-0.11,-0.11
670,670,670,2013-10-12 00:15:00,2691552.8,0,0,-0.22,-0.11,-0.11
671,671,671,2013-10-12 00:20:00,2108746.2,0,0,-0.22,-0.11,-0.11
672,672,672,2013-10-12 00:25:00,2602548.4,0,0,-0.22,-0.11,-0.11
673,673,673,2013-10-12 00:30:00,2468735.6,0,0,-0.22,-0.11,-0.11
674,674,674,2013-10-12 00:35:00,2507354.4,0,0,-0.22,-0.11,-0.11
675,675,675,2013-10-12 00:40:00,2261713.8,0,0,-0.22,-0.11,-0.11
676,676,676,2013-10-12 00:45:00,2457518.2,0,0,-0.22,-0.11,-0.11
677,677,677,2013-10-12 00:50:00,2418719.6,0,0,-0.22,-0.11,-0.11
678,678,678,2013-10-12 00:55:00,3111028.0,0,0,-0.22,-0.11,-0.11
679,679,679,2013-10-12 01:00:00,3591372.8,0,0,-0.22,-0.11,-0.11
680,680,680,2013-10-12 01:05:00,3041616.4,0,0,-0.22,-0.11,-0.11
681,681,681,2013-10-12 01:10:00,2416064.8,0,0,-0.22,-0.11,-0.11
682,682,682,2013-10-12 01:15:00,2395888.0,0,0,-0.22,-0.11,-0.11
683,683,683,2013-10-12 01:20:00,2708144.6,0,0,-0.22,-0.11,-0.11
684,684,684,2013-10-12 01:25:00,2907673.0,0,0,-0.22,-0.11,-0.11
685,685,685,2013-10-12 01:30:00,2969344.6,0,0,-0.22,-0.11,-0.11
686,686,686,2013-10-12 01:35:00,2668099.4,0,0,-0.22,-0.11,-0.11
687,687,687,2013-10-12 01:40:00,3015050.0,0,0,-0.22,-0.11,-0.11
688,688,688,2013-10-12 01:45:00,2737246.2,0,0,-0.22,-0.11,-0.11
689,689,689,2013-10-12 01:50:00,3323086.0,0,0,-0.22,-0.11,-0.11
690,690,690,2013-10-12 01:55:00,3542606.4,0,0,-0.22,-0.11,-0.11
691,691,691,2013-10-12 02:00:00,3537503.4,0,0,-0.22,-0.11,-0.11
692,692,692,2013-10-12 02:05:00,3174286.2,0,0,-0.22,-0.11,-0.11
693,693,693,2013-10-12 02:10:00,3053158.4,0,0,-0.22,-0.11,-0.11
694,694,694,2013-10-12 02:15:00,2712443.2,0,0,-0.22,-0.11,-0.11
695,695,695,2013-10-12 02:20:00,3243322.6,0,0,-0.22,-0.11,-0.11
696,696,696,2013-10-12 02:25:00,2970901.6,0,0,-0.22,-0.11,-0.11
697,697,697,2013-10-12 02:30:00,3602252.0,0,0,-0.22,-0.11,-0.11
698,698,698,2013-10-12 02:35:00,3767764.6,0,0,-0.22,-0.11,-0.11
699,699,699,2013-10-12 02:40:00,3217024.8,0,0,-0.22,-0.11,-0.11
700,700,700,2013-10-12 02:45:00,3623309.2,0,0,-0.22,-0.11,-0.11
701,701,701,2013-10-12 02:50:00,3463932.6,0,0,-0.22,-0.11,-0.11
702,702,702,2013-10-12 02:55:00,3473942.8,0,0,-0.22,-0.11,-0.11
703,703,703,2013-10-12 03:00:00,4327528.2,0,0,-0.22,-0.11,-0.11
704,704,704,2013-10-12 03:05:00,4953168.0,0,0,-0.22,-0.11,-0.11
705,705,705,2013-10-12 03:10:00,6010022.0,0,0,-0.22,-0.11,-0.11
706,706,706,2013-10-12 03:15:00,3792235.2,0,0,-0.22,-0.11,-0.11
707,707,707,2013-10-12 03:20:00,5067495.2,0,0,-0.22,-0.11,-0.11
708,708,708,2013-10-12 03:25:00,4178473.4,0,0,-0.22,-0.11,-0.11
709,709,709,2013-10-12 03:30:00,3722183.4,0,0,-0.22,-0.11,-0.11
710,710,710,2013-10-12 03:35:00,6000974.2,0,0,-0.22,-0.11,-0.11
711,711,711,2013-10-12 03:40:00,3656226.2,0,0,-0.22,-0.11,-0.11
712,712,712,2013-10-12 03:45:00,3946900.8,0,0,-0.22,-0.11,-0.11
713,713,713,2013-10-12 03:50:00,3872716.2,0,0,-0.22,-0.11,-0.11
714,714,714,2013-10-12 03:55:00,3954127.4,0,0,-0.22,-0.11,-0.11
715,715,715,2013-10-12 04:00:00,3870564.8,0,0,-0.22,-0.11,-0.11
716,716,716,2013-10-12 04:05:00,3812299.2,0,0,-0.22,-0.11,-0.11
717,717,717,2013-10-12 04:10:00,3793134.4,0,0,-0.22,-0.11,-0.11
718,718,718,2013-10-12 04:15:00,3610520.8,0,0,-0.22,-0.11,-0.11
719,719,719,2013-10-12 04:20:00,4167550.6,0,0,-0.22,-0.11,-0.11
720,720,720,2013-10-12 04:25:00,3844542.6,0,0,-0.22,-0.11,-0.11
721,721,721,2013-10-12 04:30:00,4094993.0,0,0,-0.22,-0.11,-0.11
722,722,722,2013-10-12 04:35:00,4207063.8,0,0,-0.22,-0.11,-0.11
723,723,723,2013-10-12 04:40:00,4017962.2,0,0,-0.22,-0.11,-0.11
724,724,724,2013-10-12 04:45:00,4211817.8,0,0,-0.22,-0.11,-0.11
725,725,725,2013-10-12 04:50:00,4397386.8,0,0,-0.22,-0.11,-0.11
726,726,726,2013-10-12 04:55:00,3821873.6,0,0,-0.22,-0.11,-0.11
727,727,727,2013-10-12 05:00:00,3433559.8,0,0,-0.22,-0.11,-0.11
728,728,728,2013-10-12 05:05:00,3552335.0,0,0,-0.22,-0.11,-0.11
729,729,729,2013-10-12 05:10:00,2997523.4,0,0,-0.22,-0.11,-0.11
730,730,730,2013-10-12 05:15:00,4158629.4,0,0,-0.22,-0.11,-0.11
731,731,731,2013-10-12 05:20:00,3505453.6,0,0,-0.22,-0.11,-0.11
732,732,732,2013-10-12 05:25:00,3596603.0,0,0,-0.22,-0.11,-0.11
733,733,733,2013-10-12 05:30:00,3458603.8,0,0,-0.22,-0.11,-0.11
734,734,734,2013-10-12 05:35:00,4103340.4,0,0,-0.22,-0.11,-0.11
735,735,735,2013-10-12 05:40:00,3722259.6,0,0,-0.22,-0.11,-0.11
736,736,736,2013-10-12 05:45:00,3310317.8,0,0,-0.22,-0.11,-0.11
737,737,737,2013-10-12 05:50:00,3180112.2,0,0,-0.22,-0.11,-0.11
738,738,738,2013-10-12 05:55:00,2763020.2,0,0,-0.22,-0.11,-0.11
739,739,739,2013-10-12 06:00:00,3481835.8,0,0,-0.22,-0.11,-0.11
740,740,740,2013-10-12 06:05:00,3115962.0,0,0,-0.22,-0.11,-0.11
741,741,741,2013-10-12 06:10:00,3758110.6,0,0,-0.22,-0.11,-0.11
742,742,742,2013-10-12 06:15:00,3146130.6,0,0,-0.22,-0.11,-0.11
743,743,743,2013-10-12 06:20:00,3678237.8,0,0,-0.22,-0.11,-0.11
744,744,744,2013-10-12 06:25:00,3332586.2,0,0,-0.22,-0.11,-0.11
745,745,745,2013-10-12 06:30:00,3376556.8,0,0,-0.22,-0.11,-0.11
746,746,746,2013-10-12 06:35:00,2932539.4,0,0,-0.22,-0.11,-0.11
747,747,747,2013-10-12 06:40:00,3868952.0,0,0,-0.22,-0.11,-0.11
748,748,748,2013-10-12 06:45:00,4180022.4,0,0,-0.22,-0.11,-0.11
749,749,749,2013-10-12 06:50:00,2911885.2,0,0,-0.22,-0.11,-0.11
750,750,750,2013-10-12 06:55:00,3045753.4,0,0,-0.22,-0.11,-0.11
751,751,751,2013-10-12 07:00:00,3893686.2,0,0,-0.22,-0.11,-0.11
752,752,752,2013-10-12 07:05:00,3498895.4,0,0,-0.22,-0.11,-0.11
753,753,753,2013-10-12 07:10:00,2484609.8,0,0,-0.22,-0.11,-0.11
754,754,754,2013-10-12 07:15:00,3153370.4,0,0,-0.22,-0.11,-0.11
755,755,755,2013-10-12 07:20:00,2963782.0,0,0,-0.22,-0.11,-0.11
756,756,756,2013-10-12 07:25:00,3208165.8,0,0,-0.22,-0.11,-0.11
757,757,757,2013-10-12 07:30:00,3842270.6,0,0,-0.22,-0.11,-0.11
758,758,758,2013-10-12 07:35:00,2712457.0,0,0,-0.22,-0.11,-0.11
759,759,759,2013-10-12 07:40:00,2525058.4,0,0,-0.22,-0.11,-0.11
760,760,760,2013-10-12 07:45:00,2654476.6,0,0,-0.22,-0.11,-0.11
761,761,761,2013-10-12 07:50:00,2774432.8,0,0,-0.22,-0.11,-0.11
762,762,762,2013-10-12 07:55:00,3125988.4,0,0,-0.22,-0.11,-0.11
763,763,763,2013-10-12 08:00:00,2628484.4,0,0,-0.22,-0.11,-0.11
764,764,764,2013-10-12 08:05:00,2750668.8,0,0,-0.22,-0.11,-0.11
765,765,765,2013-10-12 08:10:00,2121267.8,0,0,-0.22,-0.11,-0.11
766,766,766,2013-10-12 08:15:00,2423121.0,0,0,-0.22,-0.11,-0.11
767,767,767,2013-10-12 08:20:00,2492465.2,0,0,-0.22,-0.11,-0.11
768,768,768,2013-10-12 08:25:00,2205542.4,0,0,-0.22,-0.11,-0.11
769,769,769,2013-10-12 08:30:00,2244046.4,0,0,-0.22,-0.11,-0.11
770,770,770,2013-10-12 08:35:00,2289428.2,0,0,-0.22,-0.11,-0.11
771,771,771,2013-10-12 08:40:00,2335671.2,0,0,-0.22,-0.11,-0.11
772,772,772,2013-10-12 08:45:00,1986150.4,0,0,-0.22,-0.11,-0.11
773,773,773,2013-10-12 08:50:00,1974910.2,0,0,-0.22,-0.11,-0.11
774,774,774,2013-10-12 08:55:00,1931628.8,0,0,-0.22,-0.11,-0.11
775,775,775,2013-10-12 09:00:00,2256923.0,0,0,-0.22,-0.11,-0.11
776,776,776,2013-10-12 09:05:00,1563206.2,0,0,-0.22,-0.11,-0.11
777,777,777,2013-10-12 09:10:00,1680554.4,0,0,-0.22,-0.11,-0.11
778,778,778,2013-10-12 09:15:00,1435048.2,0,0,-0.22,-0.11,-0.11
779,779,779,2013-10-12 09:20:00,1445570.2,0,0,-0.22,-0.11,-0.11
780,780,780,2013-10-12 09:25:00,1230529.0,0,0,-0.22,-0.11,-0.11
781,781,781,2013-10-12 09:30:00,1292470.8,0,0,-0.22,-0.11,-0.11
782,782,782,2013-10-12 09:35:00,1377636.6,0,0,-0.22,-0.11,-0.11
783,783,783,2013-10-12 09:40:00,1814704.4,0,0,-0.22,-0.11,-0.11
784,784,784,2013-10-12 09:45:00,1646375.8,0,0,-0.22,-0.11,-0.11
785,785,785,2013-10-12 09:50:00,1589812.0,0,0,-0.22,-0.11,-0.11
786,786,786,2013-10-12 09:55:00,2908752.2,0,0,-0.22,-0.11,-0.11
787,787,787,2013-10-12 10:00:00,2209294.8,0,0,-0.22,-0.11,-0.11
788,788,788,2013-10-12 10:05:00,2293599.8,0,0,-0.22,-0.11,-0.11
789,789,789,2013-10-12 10:10:00,2518515.2,0,0,-0.22,-0.11,-0.11
790,790,790,2013-10-12 10:15:00,2368925.2,0,0,-0.22,-0.11,-0.11
791,791,791,2013-10-12 10:20:00,2418048.6,0,0,-0.22,-0.11,-0.11
792,792,792,2013-10-12 10:25:00,2574732.0,0,0,-0.22,-0.11,-0.11
793,793,793,2013-10-12 10:30:00,2560719.6,0,0,-0.22,-0.11,-0.11
794,794,794,2013-10-12 10:35:00,2998595.0,0,0,-0.22,-0.11,-0.11
795,795,795,2013-10-12 10:40:00,2464394.8,0,0,-0.22,-0.11,-0.11
796,796,796,2013-10-12 10:45:00,2695531.6,0,0,-0.22,-0.11,-0.11
797,797,797,2013-10-12 10:50:00,2881381.6,0,0,-0.22,-0.11,-0.11
798,798,798,2013-10-12 10:55:00,2912230.4,0,0,-0.22,-0.11,-0.11
799,799,799,2013-10-12 11:00:00,3149090.6,0,0,-0.22,-0.11,-0.11
800,800,800,2013-10-12 11:05:00,3296592.0,0,0,-0.22,-0.11,-0.11
801,801,801,2013-10-12 11:10:00,3696286.2,0,0,-0.22,-0.11,-0.11
802,802,802,2013-10-12 11:15:00,2925279.8,0,0,-0.22,-0.11,-0.11
803,803,803,2013-10-12 11:20:00,3628548.8,0,0,-0.22,-0.11,-0.11
804,804,804,2013-10-12 11:25:00,3048131.8,0,0,-0.22,-0.11,-0.11
805,805,805,2013-10-12 11:30:00,2474744.6,0,0,-0.22,-0.11,-0.11
806,806,806,2013-10-12 11:35:00,2733783.8,0,0,-0.22,-0.11,-0.11
807,807,807,2013-10-12 11:40:00,2876619.2,0,0,-0.22,-0.11,-0.11
808,808,808,2013-10-12 11:45:00,2426435.2,0,0,-0.22,-0.11,-0.11
809,809,809,2013-10-12 11:50:00,2877881.2,0,0,-0.22,-0.11,-0.11
810,810,810,2013-10-12 11:55:00,2236777.4,0,0,-0.22,-0.11,-0.11
811,811,811,2013-10-12 12:00:00,2424895.6,0,0,-0.22,-0.11,-0.11
812,812,812,2013-10-12 12:05:00,2036357.0,0,0,-0.22,-0.11,-0.11
813,813,813,2013-10-12 12:10:00,3273247.8,0,0,-0.22,-0.11,-0.11
814,814,814,2013-10-12 12:15:00,2225564.4,0,0,-0.22,-0.11,-0.11
815,815,815,2013-10-12 12:20:00,2773553.4,0,0,-0.22,-0.11,-0.11
816,816,816,2013-10-12 12:25:00,3272074.8,0,0,-0.22,-0.11,-0.11
817,817,817,2013-10-12 12:30:00,2563503.8,0,0,-0.22,-0.11,-0.11
818,818,818,2013-10-12 12:35:00,3315340.6,0,0,-0.22,-0.11,-0.11
819,819,819,2013-10-12 12:40:00,2490231.6,0,0,-0.22,-0.11,-0.11
820,820,820,2013-10-12 12:45:00,2685661.4,0,0,-0.22,-0.11,-0.11
821,821,821,2013-10-12 12:50:00,2783047.8,0,0,-0.22,-0.11,-0.11
822,822,822,2013-10-12 12:55:00,2494818.8,0,0,-0.22,-0.11,-0.11
823,823,823,2013-10-12 13:00:00,2915377.0,0,0,-0.22,-0.11,-0.11
824,824,824,2013-10-12 13:05:00,2100844.8,0,0,-0.22,-0.11,-0.11
825,825,825,2013-10-12 13:10:00,2932784.4,0,0,-0.22,-0.11,-0.11
826,826,826,2013-10-12 13:15:00,3113921.8,0,0,-0.22,-0.11,-0.11
827,827,827,2013-10-12 13:20:00,2679085.2,0,0,-0.22,-0.11,-0.11
828,828,828,2013-10-12 13:25:00,2981291.6,0,0,-0.22,-0.11,-0.11
829,829,829,2013-10-12 13:30:00,3528916.2,0,0,-0.22,-0.11,-0.11
830,830,830,2013-10-12 13:35:00,3714299.6,0,0,-0.22,-0.11,-0.11
831,831,831,2013-10-12 13:40:00,2506308.4,0,0,-0.22,-0.11,-0.11
832,832,832,2013-10-12 13:45:00,2977082.8,0,0,-0.22,-0.11,-0.11
833,833,833,2013-10-12 13:50:00,2654474.0,0,0,-0.22,-0.11,-0.11
834,834,834,2013-10-12 13:55:00,2747757.6,0,0,-0.22,-0.11,-0.11
835,835,835,2013-10-12 14:00:00,3425450.2,0,0,-0.22,-0.11,-0.11
836,836,836,2013-10-12 14:05:00,2860588.4,0,0,-0.22,-0.11,-0.11
837,837,837,2013-10-12 14:10:00,2602600.6,0,0,-0.22,-0.11,-0.11
838,838,838,2013-10-12 14:15:00,3064562.4,0,0,-0.22,-0.11,-0.11
839,839,839,2013-10-12 14:20:00,2678636.4,0,0,-0.22,-0.11,-0.11
840,840,840,2013-10-12 14:25:00,2811047.4,0,0,-0.22,-0.11,-0.11
841,841,841,2013-10-12 14:30:00,2986170.0,0,0,-0.22,-0.11,-0.11
842,842,842,2013-10-12 14:35:00,3030498.2,0,0,-0.22,-0.11,-0.11
843,843,843,2013-10-12 14:40:00,1992914.2,0,0,-0.22,-0.11,-0.11
844,844,844,2013-10-12 14:45:00,2307638.6,0,0,-0.22,-0.11,-0.11
845,845,845,2013-10-12 14:50:00,2916463.0,0,0,-0.22,-0.11,-0.11
846,846,846,2013-10-12 14:55:00,3218693.2,0,0,-0.22,-0.11,-0.11
847,847,847,2013-10-12 15:00:00,4232165.4,0,0,-0.22,-0.11,-0.11
848,848,848,2013-10-12 15:05:00,4293438.2,0,0,-0.22,-0.11,-0.11
849,849,849,2013-10-12 15:10:00,5731243.0,0,0,-0.22,-0.11,-0.11
850,850,850,2013-10-12 15:15:00,3331719.8,0,0,-0.22,-0.11,-0.11
851,851,851,2013-10-12 15:20:00,3883587.8,0,0,-0.22,-0.11,-0.11
852,852,852,2013-10-12 15:25:00,3271342.2,0,0,-0.22,-0.11,-0.11
853,853,853,2013-10-12 15:30:00,2942843.2,0,0,-0.22,-0.11,-0.11
854,854,854,2013-10-12 15:35:00,3694746.0,0,0,-0.22,-0.11,-0.11
855,855,855,2013-10-12 15:40:00,3642126.4,0,0,-0.22,-0.11,-0.11
856,856,856,2013-10-12 15:45:00,3734729.0,0,0,-0.22,-0.11,-0.11
857,857,857,2013-10-12 15:50:00,3394430.6,0,0,-0.22,-0.11,-0.11
858,858,858,2013-10-12 15:55:00,3529268.4,0,0,-0.22,-0.11,-0.11
859,859,859,2013-10-12 16:00:00,3715568.8,0,0,-0.22,-0.11,-0.11
860,860,860,2013-10-12 16:05:00,3746838.6,0,0,-0.22,-0.11,-0.11
861,861,861,2013-10-12 16:10:00,4208361.2,0,0,-0.22,-0.11,-0.11
862,862,862,2013-10-12 16:15:00,4003901.8,0,0,-0.22,-0.11,-0.11
863,863,863,2013-10-12 16:20:00,3824163.8,0,0,-0.22,-0.11,-0.11
864,864,864,2013-10-12 16:25:00,3375125.8,0,0,-0.22,-0.11,-0.11
865,865,865,2013-10-12 16:30:00,3540937.0,0,0,-0.22,-0.11,-0.11
866,866,866,2013-10-12 16:35:00,3146923.2,0,0,-0.22,-0.11,-0.11
867,867,867,2013-10-12 16:40:00,4168467.0,0,0,-0.22,-0.11,-0.11
868,868,868,2013-10-12 16:45:00,3349810.2,0,0,-0.22,-0.11,-0.11
869,869,869,2013-10-12 16:50:00,3187740.8,0,0,-0.22,-0.11,-0.11
870,870,870,2013-10-12 16:55:00,3217855.6,0,0,-0.22,-0.11,-0.11
871,871,871,2013-10-12 17:00:00,3205658.2,0,0,-0.22,-0.11,-0.11
872,872,872,2013-10-12 17:05:00,2214341.8,0,0,-0.22,-0.11,-0.11
873,873,873,2013-10-12 17:10:00,2062268.8,0,0,-0.22,-0.11,-0.11
874,874,874,2013-10-12 17:15:00,2550043.2,0,0,-0.22,-0.11,-0.11
875,875,875,2013-10-12 17:20:00,2092985.2,0,0,-0.22,-0.11,-0.11
876,876,876,2013-10-12 17:25:00,3150399.8,0,0,-0.22,-0.11,-0.11
877,877,877,2013-10-12 17:30:00,2122509.2,0,0,-0.22,-0.11,-0.11
878,878,878,2013-10-12 17:35:00,2788856.2,0,0,-0.22,-0.11,-0.11
879,879,879,2013-10-12 17:40:00,2321360.2,0,0,-0.22,-0.11,-0.11
880,880,880,2013-10-12 17:45:00,2890855.4,0,0,-0.22,-0.11,-0.11
881,881,881,2013-10-12 17:50:00,4035097.6,0,0,-0.22,-0.11,-0.11
882,882,882,2013-10-12 17:55:00,3497103.6,0,0,-0.22,-0.11,-0.11
883,883,883,2013-10-12 18:00:00,3170049.2,0,0,-0.22,-0.11,-0.11
884,884,884,2013-10-12 18:05:00,3004455.6,0,0,-0.22,-0.11,-0.11
885,885,885,2013-10-12 18:10:00,3466245.8,0,0,-0.22,-0.11,-0.11
886,886,886,2013-10-12 18:15:00,3331877.8,0,0,-0.22,-0.11,-0.11
887,887,887,2013-10-12 18:20:00,2944188.8,0,0,-0.22,-0.11,-0.11
888,888,888,2013-10-12 18:25:00,3491523.4,0,0,-0.22,-0.11,-0.11
889,889,889,2013-10-12 18:30:00,4161306.2,0,0,-0.22,-0.11,-0.11
890,890,890,2013-10-12 18:35:00,2824246.4,0,0,-0.22,-0.11,-0.11
891,891,891,2013-10-12 18:40:00,3238769.0,0,0,-0.22,-0.11,-0.11
892,892,892,2013-10-12 18:45:00,3347327.8,0,0,-0.22,-0.11,-0.11
893,893,893,2013-10-12 18:50:00,3104582.8,0,0,-0.22,-0.11,-0.11
894,894,894,2013-10-12 18:55:00,3044250.2,0,0,-0.22,-0.11,-0.11
895,895,895,2013-10-12 19:00:00,3441568.0,0,0,-0.22,-0.11,-0.11
896,896,896,2013-10-12 19:05:00,3898819.6,0,0,-0.22,-0.11,-0.11
897,897,897,2013-10-12 19:10:00,3327445.8,0,0,-0.22,-0.11,-0.11
898,898,898,2013-10-12 19:15:00,3769617.8,0,0,-0.22,-0.11,-0.11
899,899,899,2013-10-12 19:20:00,4145610.0,0,0,-0.22,-0.11,-0.11
900,900,900,2013-10-12 19:25:00,4461434.6,0,0,-0.22,-0.11,-0.11
901,901,901,2013-10-12 19:30:00,3386405.4,0,0,-0.22,-0.11,-0.11
902,902,902,2013-10-12 19:35:00,7170114.6,0,0,-0.22,-0.11,-0.11
903,903,903,2013-10-12 19:40:00,3835937.6,0,0,-0.22,-0.11,-0.11
904,904,904,2013-10-12 19:45:00,3849577.0,0,0,-0.22,-0.11,-0.11
905,905,905,2013-10-12 19:50:00,4728437.0,0,0,-0.22,-0.11,-0.11
906,906,906,2013-10-12 19:55:00,3653101.4,0,0,-0.22,-0.11,-0.11
907,907,907,2013-10-12 20:00:00,3423475.4,0,0,-0.22,-0.11,-0.11
908,908,908,2013-10-12 20:05:00,3319426.2,0,0,-0.22,-0.11,-0.11
909,909,909,2013-10-12 20:10:00,3426644.4,0,0,-0.22,-0.11,-0.11
910,910,910,2013-10-12 20:15:00,3285794.4,0,0,-0.22,-0.11,-0.11
911,911,911,2013-10-12 20:20:00,3850047.6,0,0,-0.22,-0.11,-0.11
912,912,912,2013-10-12 20:25:00,3685854.4,0,0,-0.22,-0.11,-0.11
913,913,913,2013-10-12 20:30:00,3379478.6,0,0,-0.22,-0.11,-0.11
914,914,914,2013-10-12 20:35:00,3566683.4,0,0,-0.22,-0.11,-0.11
915,915,915,2013-10-12 20:40:00,3590507.8,0,0,-0.22,-0.11,-0.11
916,916,916,2013-10-12 20:45:00,3402758.4,0,0,-0.22,-0.11,-0.11
917,917,917,2013-10-12 20:50:00,3548430.0,0,0,-0.22,-0.11,-0.11
918,918,918,2013-10-12 20:55:00,3619610.4,0,0,-0.22,-0.11,-0.11
919,919,919,2013-10-12 21:00:00,3748961.4,0,0,-0.22,-0.11,-0.11
920,920,920,2013-10-12 21:05:00,3559610.4,0,0,-0.22,-0.11,-0.11
921,921,921,2013-10-12 21:10:00,5178590.8,0,0,-0.22,-0.11,-0.11
922,922,922,2013-10-12 21:15:00,6822890.4,0,0,-0.22,-0.11,-0.11
923,923,923,2013-10-12 21:20:00,3652706.2,0,0,-0.22,-0.11,-0.11
924,924,924,2013-10-12 21:25:00,3923214.0,0,0,-0.22,-0.11,-0.11
925,925,925,2013-10-12 21:30:00,3458745.6,0,0,-0.22,-0.11,-0.11
926,926,926,2013-10-12 21:35:00,4955067.8,0,0,-0.22,-0.11,-0.11
927,927,927,2013-10-12 21:40:00,4262822.6,0,0,-0.22,-0.11,-0.11
928,928,928,2013-10-12 21:45:00,3248786.2,0,0,-0.22,-0.11,-0.11
929,929,929,2013-10-12 21:50:00,2712873.6,0,0,-0.22,-0.11,-0.11
930,930,930,2013-10-12 21:55:00,4488676.8,0,0,-0.22,-0.11,-0.11
931,931,931,2013-10-12 22:00:00,3780386.6,0,0,-0.22,-0.11,-0.11
932,932,932,2013-10-12 22:05:00,3801917.8,0,0,-0.22,-0.11,-0.11
933,933,933,2013-10-12 22:10:00,3410020.4,0,0,-0.22,-0.11,-0.11
934,934,934,2013-10-12 22:15:00,4013800.2,0,0,-0.22,-0.11,-0.11
935,935,935,2013-10-12 22:20:00,3837695.0,0,0,-0.22,-0.11,-0.11
936,936,936,2013-10-12 22:25:00,3715738.8,0,0,-0.22,-0.11,-0.11
937,937,937,2013-10-12 22:30:00,3156862.4,0,0,-0.22,-0.11,-0.11
938,938,938,2013-10-12 22:35:00,3447375.0,0,0,-0.22,-0.11,-0.11
939,939,939,2013-10-12 22:40:00,3909523.0,0,0,-0.22,-0.11,-0.11
940,940,940,2013-10-12 22:45:00,4083487.2,0,0,-0.22,-0.11,-0.11
941,941,941,2013-10-12 22:50:00,3410969.8,0,0,-0.22,-0.11,-0.11
942,942,942,2013-10-12 22:55:00,3630547.6,0,0,-0.22,-0.11,-0.11
943,943,943,2013-10-12 23:00:00,3579646.0,0,0,-0.22,-0.11,-0.11
944,944,944,2013-10-12 23:05:00,3518559.0,0,0,-0.22,-0.11,-0.11
945,945,945,2013-10-12 23:10:00,3615376.2,0,0,-0.22,-0.11,-0.11
946,946,946,2013-10-12 23:15:00,3579870.0,0,0,-0.22,-0.11,-0.11
947,947,947,2013-10-12 23:20:00,3914775.4,0,0,-0.22,-0.11,-0.11
948,948,948,2013-10-12 23:25:00,3026430.0,0,0,-0.22,-0.11,-0.11
949,949,949,2013-10-12 23:30:00,3681278.0,0,0,-0.22,-0.11,-0.11
950,950,950,2013-10-12 23:35:00,3655270.0,0,0,-0.22,-0.11,-0.11
951,951,951,2013-10-12 23:40:00,3117778.6,0,0,-0.22,-0.11,-0.11
952,952,952,2013-10-12 23:45:00,3464887.8,0,0,-0.22,-0.11,-0.11
953,953,953,2013-10-12 23:50:00,3490145.6,0,0,-0.22,-0.11,-0.11
954,954,954,2013-10-12 23:55:00,3530907.4,0,0,-0.22,-0.11,-0.11
955,955,955,2013-10-13 00:00:00,3536547.4,0,0,-0.22,-0.11,-0.11
956,956,956,2013-10-13 00:05:00,3438769.8,0,0,-0.22,-0.11,-0.11
957,957,957,2013-10-13 00:10:00,2592687.8,0,0,-0.22,-0.11,-0.11
958,958,958,2013-10-13 00:15:00,1960360.2,0,0,-0.22,-0.11,-0.11
959,959,959,2013-10-13 00:20:00,2025196.8,0,0,-0.22,-0.11,-0.11
960,960,960,2013-10-13 00:25:00,1716619.8,0,0,-0.22,-0.11,-0.11
961,961,961,2013-10-13 00:30:00,1789308.0,0,0,-0.22,-0.11,-0.11
962,962,962,2013-10-13 00:35:00,1892481.0,0,0,-0.22,-0.11,-0.11
963,963,963,2013-10-13 00:40:00,1726840.4,0,0,-0.22,-0.11,-0.11
964,964,964,2013-10-13 00:45:00,1878791.8,0,0,-0.22,-0.11,-0.11
965,965,965,2013-10-13 00:50:00,1792245.2,0,0,-0.22,-0.11,-0.11
966,966,966,2013-10-13 00:55:00,1458174.2,0,0,-0.22,-0.11,-0.11
967,967,967,2013-10-13 01:00:00,1740755.8,0,0,-0.22,-0.11,-0.11
968,968,968,2013-10-13 01:05:00,1807006.8,0,0,-0.22,-0.11,-0.11
969,969,969,2013-10-13 01:10:00,2307076.8,0,0,-0.22,-0.11,-0.11
970,970,970,2013-10-13 01:15:00,3108940.6,0,0,-0.22,-0.11,-0.11
971,971,971,2013-10-13 01:20:00,3450633.2,0,0,-0.22,-0.11,-0.11
972,972,972,2013-10-13 01:25:00,3664786.4,0,0,-0.22,-0.11,-0.11
973,973,973,2013-10-13 01:30:00,4118068.8,0,0,-0.22,-0.11,-0.11
974,974,974,2013-10-13 01:35:00,4053222.6,0,0,-0.22,-0.11,-0.11
975,975,975,2013-10-13 01:40:00,4201796.4,0,0,-0.22,-0.11,-0.11
976,976,976,2013-10-13 01:45:00,4304214.2,0,0,-0.22,-0.11,-0.11
977,977,977,2013-10-13 01:50:00,4524176.6,0,0,-0.22,-0.11,-0.11
978,978,978,2013-10-13 01:55:00,4352175.4,0,0,-0.22,-0.11,-0.11
979,979,979,2013-10-13 02:00:00,4193209.2,0,0,-0.22,-0.11,-0.11
980,980,980,2013-10-13 02:05:00,4482098.2,0,0,-0.22,-0.11,-0.11
981,981,981,2013-10-13 02:10:00,4644432.8,0,0,-0.22,-0.11,-0.11
982,982,982,2013-10-13 02:15:00,4435991.6,0,0,-0.22,-0.11,-0.11
983,983,983,2013-10-13 02:20:00,4417648.0,0,0,-0.22,-0.11,-0.11
984,984,984,2013-10-13 02:25:00,4486779.6,0,0,-0.22,-0.11,-0.11
985,985,985,2013-10-13 02:30:00,4538636.0,0,0,-0.22,-0.11,-0.11
986,986,986,2013-10-13 02:35:00,4461462.4,0,0,-0.22,-0.11,-0.11
987,987,987,2013-10-13 02:40:00,4468985.0,0,0,-0.22,-0.11,-0.11
988,988,988,2013-10-13 02:45:00,4612245.8,0,0,-0.22,-0.11,-0.11
989,989,989,2013-10-13 02:50:00,4484731.4,0,0,-0.22,-0.11,-0.11
990,990,990,2013-10-13 02:55:00,4642155.2,0,0,-0.22,-0.11,-0.11
991,991,991,2013-10-13 03:00:00,4893176.2,0,0,-0.22,-0.11,-0.11
992,992,992,2013-10-13 03:05:00,5549813.8,0,0,-0.22,-0.11,-0.11
993,993,993,2013-10-13 03:10:00,6179932.6,0,0,-0.22,-0.11,-0.11
994,994,994,2013-10-13 03:15:00,5105403.4,0,0,-0.22,-0.11,-0.11
995,995,995,2013-10-13 03:20:00,4451766.6,0,0,-0.22,-0.11,-0.11
996,996,996,2013-10-13 03:25:00,4481147.0,0,0,-0.22,-0.11,-0.11
997,997,997,2013-10-13 03:30:00,4694028.6,0,0,-0.22,-0.11,-0.11
998,998,998,2013-10-13 03:35:00,4430812.4,0,0,-0.22,-0.11,-0.11
999,999,999,2013-10-13 03:40:00,4501812.4,0,0,-0.22,-0.11,-0.11
1000,1000,1000,2013-10-13 03:45:00,4637840.2,0,0,-0.22,-0.11,-0.11
1001,1001,1001,2013-10-13 03:50:00,4893904.4,0,0,-0.22,-0.11,-0.11
1002,1002,1002,2013-10-13 03:55:00,4580558.0,0,0,-0.22,-0.11,-0.11
1003,1003,1003,2013-10-13 04:00:00,4631284.0,0,0,-0.22,-0.11,-0.11
1004,1004,1004,2013-10-13 04:05:00,4510029.8,0,0,-0.22,-0.11,-0.11
1005,1005,1005,2013-10-13 04:10:00,4531931.8,0,0,-0.22,-0.11,-0.11
1006,1006,1006,2013-10-13 04:15:00,4951073.2,0,0,-0.22,-0.11,-0.11
1007,1007,1007,2013-10-13 04:20:00,4744324.6,0,0,-0.22,-0.11,-0.11
1008,1008,1008,2013-10-13 04:25:00,4864875.0,0,0,-0.22,-0.11,-0.11
1009,1009,1009,2013-10-13 04:30:00,4681125.8,0,0,-0.22,-0.11,-0.11
1010,1010,1010,2013-10-13 04:35:00,4368098.8,0,0,-0.22,-0.11,-0.11
1011,1011,1011,2013-10-13 04:40:00,4687881.2,0,0,-0.22,-0.11,-0.11
1012,1012,1012,2013-10-13 04:45:00,5001344.0,0,0,-0.22,-0.11,-0.11
1013,1013,1013,2013-10-13 04:50:00,4618461.8,0,0,-0.22,-0.11,-0.11
1014,1014,1014,2013-10-13 04:55:00,4584497.4,0,0,-0.22,-0.11,-0.11
1015,1015,1015,2013-10-13 05:00:00,4755072.8,0,0,-0.22,-0.11,-0.11
1016,1016,1016,2013-10-13 05:05:00,4852368.4,0,0,-0.22,-0.11,-0.11
1017,1017,1017,2013-10-13 05:10:00,4795987.8,0,0,-0.22,-0.11,-0.11
1018,1018,1018,2013-10-13 05:15:00,4832927.0,0,0,-0.22,-0.11,-0.11
1019,1019,1019,2013-10-13 05:20:00,4690033.4,0,0,-0.22,-0.11,-0.11
1020,1020,1020,2013-10-13 05:25:00,4729095.2,0,0,-0.22,-0.11,-0.11
1021,1021,1021,2013-10-13 05:30:00,4726369.6,0,0,-0.22,-0.11,-0.11
1022,1022,1022,2013-10-13 05:35:00,4429855.8,0,0,-0.22,-0.11,-0.11
1023,1023,1023,2013-10-13 05:40:00,4617503.6,0,0,-0.22,-0.11,-0.11
1024,1024,1024,2013-10-13 05:45:00,4952628.8,0,0,-0.22,-0.11,-0.11
1025,1025,1025,2013-10-13 05:50:00,4256910.4,0,0,-0.22,-0.11,-0.11
1026,1026,1026,2013-10-13 05:55:00,4674205.4,0,0,-0.22,-0.11,-0.11
1027,1027,1027,2013-10-13 06:00:00,4440490.8,0,0,-0.22,-0.11,-0.11
1028,1028,1028,2013-10-13 06:05:00,4634800.4,0,0,-0.22,-0.11,-0.11
1029,1029,1029,2013-10-13 06:10:00,4207472.8,0,0,-0.22,-0.11,-0.11
1030,1030,1030,2013-10-13 06:15:00,4063905.4,0,0,-0.22,-0.11,-0.11
1031,1031,1031,2013-10-13 06:20:00,4231708.6,0,0,-0.22,-0.11,-0.11
1032,1032,1032,2013-10-13 06:25:00,4443433.0,0,0,-0.22,-0.11,-0.11
1033,1033,1033,2013-10-13 06:30:00,4569577.8,0,0,-0.22,-0.11,-0.11
1034,1034,1034,2013-10-13 06:35:00,4232463.6,0,0,-0.22,-0.11,-0.11
1035,1035,1035,2013-10-13 06:40:00,4530729.6,0,0,-0.22,-0.11,-0.11
1036,1036,1036,2013-10-13 06:45:00,5188727.4,0,0,-0.22,-0.11,-0.11
1037,1037,1037,2013-10-13 06:50:00,3816894.8,0,0,-0.22,-0.11,-0.11
1038,1038,1038,2013-10-13 06:55:00,4050048.6,0,0,-0.22,-0.11,-0.11
1039,1039,1039,2013-10-13 07:00:00,4632655.0,0,0,-0.22,-0.11,-0.11
1040,1040,1040,2013-10-13 07:05:00,4331165.4,0,0,-0.22,-0.11,-0.11
1041,1041,1041,2013-10-13 07:10:00,4256816.4,0,0,-0.22,-0.11,-0.11
1042,1042,1042,2013-10-13 07:15:00,4514565.0,0,0,-0.22,-0.11,-0.11
1043,1043,1043,2013-10-13 07:20:00,4231642.8,0,0,-0.22,-0.11,-0.11
1044,1044,1044,2013-10-13 07:25:00,3996057.0,0,0,-0.22,-0.11,-0.11
1045,1045,1045,2013-10-13 07:30:00,3821746.8,0,0,-0.22,-0.11,-0.11
1046,1046,1046,2013-10-13 07:35:00,3693434.8,0,0,-0.22,-0.11,-0.11
1047,1047,1047,2013-10-13 07:40:00,4069099.2,0,0,-0.22,-0.11,-0.11
1048,1048,1048,2013-10-13 07:45:00,4101726.8,0,0,-0.22,-0.11,-0.11
1049,1049,1049,2013-10-13 07:50:00,4205671.8,0,0,-0.22,-0.11,-0.11
1050,1050,1050,2013-10-13 07:55:00,3989263.6,0,0,-0.22,-0.11,-0.11
1051,1051,1051,2013-10-13 08:00:00,3828862.0,0,0,-0.22,-0.11,-0.11
1052,1052,1052,2013-10-13 08:05:00,3641686.6,0,0,-0.22,-0.11,-0.11
1053,1053,1053,2013-10-13 08:10:00,3324261.6,0,0,-0.22,-0.11,-0.11
1054,1054,1054,2013-10-13 08:15:00,3584599.2,0,0,-0.22,-0.11,-0.11
1055,1055,1055,2013-10-13 08:20:00,3401789.8,0,0,-0.22,-0.11,-0.11
1056,1056,1056,2013-10-13 08:25:00,3171775.2,0,0,-0.22,-0.11,-0.11
1057,1057,1057,2013-10-13 08:30:00,2938971.8,0,0,-0.22,-0.11,-0.11
1058,1058,1058,2013-10-13 08:35:00,2675676.2,0,0,-0.22,-0.11,-0.11
1059,1059,1059,2013-10-13 08:40:00,2022947.8,0,0,-0.22,-0.11,-0.11
1060,1060,1060,2013-10-13 08:45:00,2613405.8,0,0,-0.22,-0.11,-0.11
1061,1061,1061,2013-10-13 08:50:00,3074915.6,0,0,-0.22,-0.11,-0.11
1062,1062,1062,2013-10-13 08:55:00,3454406.6,0,0,-0.22,-0.11,-0.11
1063,1063,1063,2013-10-13 09:00:00,3953057.8,0,0,-0.22,-0.11,-0.11
1064,1064,1064,2013-10-13 09:05:00,4346876.8,0,0,-0.22,-0.11,-0.11
1065,1065,1065,2013-10-13 09:10:00,4690494.2,0,0,-0.22,-0.11,-0.11
1066,1066,1066,2013-10-13 09:15:00,4601621.2,0,0,-0.22,-0.11,-0.11
1067,1067,1067,2013-10-13 09:20:00,1482509.2,0,0,-0.22,-0.11,-0.11
1068,1068,1068,2013-10-13 09:25:00,4149789.2,0,0,-0.22,-0.11,-0.11
1069,1069,1069,2013-10-13 09:30:00,5092226.4,0,0,-0.22,-0.11,-0.11
1070,1070,1070,2013-10-13 09:35:00,4921400.8,0,0,-0.22,-0.11,-0.11
1071,1071,1071,2013-10-13 09:40:00,4510003.6,0,0,-0.22,-0.11,-0.11
1072,1072,1072,2013-10-13 09:45:00,4857760.2,0,0,-0.22,-0.11,-0.11
1073,1073,1073,2013-10-13 09:50:00,4635341.4,0,0,-0.22,-0.11,-0.11
1074,1074,1074,2013-10-13 09:55:00,4752849.6,0,0,-0.22,-0.11,-0.11
1075,1075,1075,2013-10-13 10:00:00,4600516.4,0,0,-0.22,-0.11,-0.11
1076,1076,1076,2013-10-13 10:05:00,4467507.0,0,0,-0.22,-0.11,-0.11
1077,1077,1077,2013-10-13 10:10:00,4600820.2,0,0,-0.22,-0.11,-0.11
1078,1078,1078,2013-10-13 10:15:00,4466740.6,0,0,-0.22,-0.11,-0.11
1079,1079,1079,2013-10-13 10:20:00,4816356.0,0,0,-0.22,-0.11,-0.11
1080,1080,1080,2013-10-13 10:25:00,4412821.2,0,0,-0.22,-0.11,-0.11
1081,1081,1081,2013-10-13 10:30:00,4289461.2,0,0,-0.22,-0.11,-0.11
1082,1082,1082,2013-10-13 10:35:00,4806912.6,0,0,-0.22,-0.11,-0.11
1083,1083,1083,2013-10-13 10:40:00,4540884.6,0,0,-0.22,-0.11,-0.11
1084,1084,1084,2013-10-13 10:45:00,3973230.6,0,0,-0.22,-0.11,-0.11
1085,1085,1085,2013-10-13 10:50:00,4151312.0,0,0,-0.22,-0.11,-0.11
1086,1086,1086,2013-10-13 10:55:00,4408599.0,0,0,-0.22,-0.11,-0.11
1087,1087,1087,2013-10-13 11:00:00,4412467.0,0,0,-0.22,-0.11,-0.11
1088,1088,1088,2013-10-13 11:05:00,4014711.6,0,0,-0.22,-0.11,-0.11
1089,1089,1089,2013-10-13 11:10:00,4455661.4,0,0,-0.22,-0.11,-0.11
1090,1090,1090,2013-10-13 11:15:00,4518165.4,0,0,-0.22,-0.11,-0.11
1091,1091,1091,2013-10-13 11:20:00,5219553.4,0,0,-0.22,-0.11,-0.11
1092,1092,1092,2013-10-13 11:25:00,4529007.2,0,0,-0.22,-0.11,-0.11
1093,1093,1093,2013-10-13 11:30:00,5014467.6,0,0,-0.22,-0.11,-0.11
1094,1094,1094,2013-10-13 11:35:00,5091716.8,0,0,-0.22,-0.11,-0.11
1095,1095,1095,2013-10-13 11:40:00,4955261.0,0,0,-0.22,-0.11,-0.11
1096,1096,1096,2013-10-13 11:45:00,5129745.6,0,0,-0.22,-0.11,-0.11
1097,1097,1097,2013-10-13 11:50:00,5522536.0,0,0,-0.22,-0.11,-0.11
1098,1098,1098,2013-10-13 11:55:00,5466070.0,0,0,-0.22,-0.11,-0.11
1099,1099,1099,2013-10-13 12:00:00,5181228.2,0,0,-0.22,-0.11,-0.11
1100,1100,1100,2013-10-13 12:05:00,4971070.0,0,0,-0.22,-0.11,-0.11
1101,1101,1101,2013-10-13 12:10:00,5417314.4,0,0,-0.22,-0.11,-0.11
1102,1102,1102,2013-10-13 12:15:00,5381120.2,0,0,-0.22,-0.11,-0.11
1103,1103,1103,2013-10-13 12:20:00,5648711.4,0,0,-0.22,-0.11,-0.11
1104,1104,1104,2013-10-13 12:25:00,5237271.0,0,0,-0.22,-0.11,-0.11
1105,1105,1105,2013-10-13 12:30:00,4567196.6,0,0,-0.22,-0.11,-0.11
1106,1106,1106,2013-10-13 12:35:00,5010997.6,0,0,-0.22,-0.11,-0.11
1107,1107,1107,2013-10-13 12:40:00,4802090.8,0,0,-0.22,-0.11,-0.11
1108,1108,1108,2013-10-13 12:45:00,5512044.2,0,0,-0.22,-0.11,-0.11
1109,1109,1109,2013-10-13 12:50:00,5365367.0,0,0,-0.22,-0.11,-0.11
1110,1110,1110,2013-10-13 12:55:00,5359112.8,0,0,-0.22,-0.11,-0.11
1111,1111,1111,2013-10-13 13:00:00,5206969.0,0,0,-0.22,-0.11,-0.11
1112,1112,1112,2013-10-13 13:05:00,5441836.6,0,0,-0.22,-0.11,-0.11
1113,1113,1113,2013-10-13 13:10:00,5013968.8,0,0,-0.22,-0.11,-0.11
1114,1114,1114,2013-10-13 13:15:00,5087288.8,0,0,-0.22,-0.11,-0.11
1115,1115,1115,2013-10-13 13:20:00,4889297.0,0,0,-0.22,-0.11,-0.11
1116,1116,1116,2013-10-13 13:25:00,5113966.2,0,0,-0.22,-0.11,-0.11
1117,1117,1117,2013-10-13 13:30:00,5380729.2,0,0,-0.22,-0.11,-0.11
1118,1118,1118,2013-10-13 13:35:00,5135762.4,0,0,-0.22,-0.11,-0.11
1119,1119,1119,2013-10-13 13:40:00,5726463.8,0,0,-0.22,-0.11,-0.11
1120,1120,1120,2013-10-13 13:45:00,5152678.4,0,0,-0.22,-0.11,-0.11
1121,1121,1121,2013-10-13 13:50:00,5179141.4,0,0,-0.22,-0.11,-0.11
1122,1122,1122,2013-10-13 13:55:00,5313273.6,0,0,-0.22,-0.11,-0.11
1123,1123,1123,2013-10-13 14:00:00,4990068.0,0,0,-0.22,-0.11,-0.11
1124,1124,1124,2013-10-13 14:05:00,5135694.0,0,0,-0.22,-0.11,-0.11
1125,1125,1125,2013-10-13 14:10:00,4809917.0,0,0,-0.22,-0.11,-0.11
1126,1126,1126,2013-10-13 14:15:00,4837499.4,0,0,-0.22,-0.11,-0.11
1127,1127,1127,2013-10-13 14:20:00,5081224.0,0,0,-0.22,-0.11,-0.11
1128,1128,1128,2013-10-13 14:25:00,4846339.2,0,0,-0.22,-0.11,-0.11
1129,1129,1129,2013-10-13 14:30:00,4988007.0,0,0,-0.22,-0.11,-0.11
1130,1130,1130,2013-10-13 14:35:00,4598591.4,0,0,-0.22,-0.11,-0.11
1131,1131,1131,2013-10-13 14:40:00,4467228.2,0,0,-0.22,-0.11,-0.11
1132,1132,1132,2013-10-13 14:45:00,4261252.8,0,0,-0.22,-0.11,-0.11
1133,1133,1133,2013-10-13 14:50:00,5263430.8,0,0,-0.22,-0.11,-0.11
1134,1134,1134,2013-10-13 14:55:00,4741242.8,0,0,-0.22,-0.11,-0.11
1135,1135,1135,2013-10-13 15:00:00,5268673.4,0,0,-0.22,-0.11,-0.11
1136,1136,1136,2013-10-13 15:05:00,6355621.0,0,0,-0.22,-0.11,-0.11
1137,1137,1137,2013-10-13 15:10:00,6548625.4,0,0,-0.22,-0.11,-0.11
1138,1138,1138,2013-10-13 15:15:00,5110530.8,0,0,-0.22,-0.11,-0.11
1139,1139,1139,2013-10-13 15:20:00,5345068.8,0,0,-0.22,-0.11,-0.11
1140,1140,1140,2013-10-13 15:25:00,4738408.8,0,0,-0.22,-0.11,-0.11
1141,1141,1141,2013-10-13 15:30:00,5107021.4,0,0,-0.22,-0.11,-0.11
1142,1142,1142,2013-10-13 15:35:00,5235458.4,0,0,-0.22,-0.11,-0.11
1143,1143,1143,2013-10-13 15:40:00,5233619.6,0,0,-0.22,-0.11,-0.11
1144,1144,1144,2013-10-13 15:45:00,5029582.0,0,0,-0.22,-0.11,-0.11
1145,1145,1145,2013-10-13 15:50:00,4514236.8,0,0,-0.22,-0.11,-0.11
1146,1146,1146,2013-10-13 15:55:00,4910708.8,0,0,-0.22,-0.11,-0.11
1147,1147,1147,2013-10-13 16:00:00,4712074.4,0,0,-0.22,-0.11,-0.11
1148,1148,1148,2013-10-13 16:05:00,5420857.4,0,0,-0.22,-0.11,-0.11
1149,1149,1149,2013-10-13 16:10:00,5476916.2,0,0,-0.22,-0.11,-0.11
1150,1150,1150,2013-10-13 16:15:00,5125320.0,0,0,-0.22,-0.11,-0.11
1151,1151,1151,2013-10-13 16:20:00,5001679.4,0,0,-0.22,-0.11,-0.11
1152,1152,1152,2013-10-13 16:25:00,4980771.6,0,0,-0.22,-0.11,-0.11
1153,1153,1153,2013-10-13 16:30:00,5543129.2,0,0,-0.22,-0.11,-0.11
1154,1154,1154,2013-10-13 16:35:00,5178798.4,0,0,-0.22,-0.11,-0.11
1155,1155,1155,2013-10-13 16:40:00,5374906.8,0,0,-0.22,-0.11,-0.11
1156,1156,1156,2013-10-13 16:45:00,4965761.2,0,0,-0.22,-0.11,-0.11
1157,1157,1157,2013-10-13 16:50:00,4625607.6,0,0,-0.22,-0.11,-0.11
1158,1158,1158,2013-10-13 16:55:00,5155595.2,0,0,-0.22,-0.11,-0.11
1159,1159,1159,2013-10-13 17:00:00,4758968.4,0,0,-0.22,-0.11,-0.11
1160,1160,1160,2013-10-13 17:05:00,4846633.6,0,0,-0.22,-0.11,-0.11
1161,1161,1161,2013-10-13 17:10:00,4966854.2,0,0,-0.22,-0.11,-0.11
1162,1162,1162,2013-10-13 17:15:00,4799362.0,0,0,-0.22,-0.11,-0.11
1163,1163,1163,2013-10-13 17:20:00,5217818.2,0,0,-0.22,-0.11,-0.11
1164,1164,1164,2013-10-13 17:25:00,4846504.6,0,0,-0.22,-0.11,-0.11
1165,1165,1165,2013-10-13 17:30:00,4857580.0,0,0,-0.22,-0.11,-0.11
1166,1166,1166,2013-10-13 17:35:00,5305944.2,0,0,-0.22,-0.11,-0.11
1167,1167,1167,2013-10-13 17:40:00,5216126.8,0,0,-0.22,-0.11,-0.11
1168,1168,1168,2013-10-13 17:45:00,5126791.6,0,0,-0.22,-0.11,-0.11
1169,1169,1169,2013-10-13 17:50:00,4716540.8,0,0,-0.22,-0.11,-0.11
1170,1170,1170,2013-10-13 17:55:00,5194275.2,0,0,-0.22,-0.11,-0.11
1171,1171,1171,2013-10-13 18:00:00,4594784.4,0,0,-0.22,-0.11,-0.11
1172,1172,1172,2013-10-13 18:05:00,5313192.6,0,0,-0.22,-0.11,-0.11
1173,1173,1173,2013-10-13 18:10:00,5349453.4,0,0,-0.22,-0.11,-0.11
1174,1174,1174,2013-10-13 18:15:00,5664016.0,0,0,-0.22,-0.11,-0.11
1175,1175,1175,2013-10-13 18:20:00,5165652.4,0,0,-0.22,-0.11,-0.11
1176,1176,1176,2013-10-13 18:25:00,5806009.2,0,0,-0.22,-0.11,-0.11
1177,1177,1177,2013-10-13 18:30:00,5725820.2,0,0,-0.22,-0.11,-0.11
1178,1178,1178,2013-10-13 18:35:00,5818352.0,0,0,-0.22,-0.11,-0.11
1179,1179,1179,2013-10-13 18:40:00,6039204.0,0,0,-0.22,-0.11,-0.11
1180,1180,1180,2013-10-13 18:45:00,6146104.8,0,0,-0.22,-0.11,-0.11
1181,1181,1181,2013-10-13 18:50:00,6520842.0,0,0,-0.22,-0.11,-0.11
1182,1182,1182,2013-10-13 18:55:00,6414160.0,0,0,-0.22,-0.11,-0.11
1183,1183,1183,2013-10-13 19:00:00,7121288.0,0,0,-0.22,-0.11,-0.11
1184,1184,1184,2013-10-13 19:05:00,7733993.2,0,0,-0.22,-0.11,-0.11
1185,1185,1185,2013-10-13 19:10:00,7171976.0,0,0,-0.22,-0.11,-0.11
1186,1186,1186,2013-10-13 19:15:00,6572442.0,0,0,-0.22,-0.11,-0.11
1187,1187,1187,2013-10-13 19:20:00,6669027.2,0,0,-0.22,-0.11,-0.11
1188,1188,1188,2013-10-13 19:25:00,6541002.6,0,0,-0.22,-0.11,-0.11
1189,1189,1189,2013-10-13 19:30:00,8036983.2,0,0,-0.22,-0.11,-0.11
1190,1190,1190,2013-10-13 19:35:00,6780480.0,0,0,-0.22,-0.11,-0.11
1191,1191,1191,2013-10-13 19:40:00,7105309.2,0,0,-0.22,-0.11,-0.11
1192,1192,1192,2013-10-13 19:45:00,6645670.6,0,0,-0.22,-0.11,-0.11
1193,1193,1193,2013-10-13 19:50:00,7129069.2,0,0,-0.22,-0.11,-0.11
1194,1194,1194,2013-10-13 19:55:00,6886046.6,0,0,-0.22,-0.11,-0.11
1195,1195,1195,2013-10-13 20:00:00,7070269.8,0,0,-0.22,-0.11,-0.11
1196,1196,1196,2013-10-13 20:05:00,7112211.8,0,0,-0.22,-0.11,-0.11
1197,1197,1197,2013-10-13 20:10:00,6736356.8,0,0,-0.22,-0.11,-0.11
1198,1198,1198,2013-10-13 20:15:00,6885695.2,0,0,-0.22,-0.11,-0.11
1199,1199,1199,2013-10-13 20:20:00,6829566.2,0,0,-0.22,-0.11,-0.11
1200,1200,1200,2013-10-13 20:25:00,6670142.6,0,0,-0.22,-0.11,-0.11
1201,1201,1201,2013-10-13 20:30:00,6989347.8,0,0,-0.22,-0.11,-0.11
1202,1202,1202,2013-10-13 20:35:00,7089460.2,0,0,-0.22,-0.11,-0.11
1203,1203,1203,2013-10-13 20:40:00,7126232.4,0,0,-0.22,-0.11,-0.11
1204,1204,1204,2013-10-13 20:45:00,7180348.2,0,0,-0.22,-0.11,-0.11
1205,1205,1205,2013-10-13 20:50:00,7251597.4,0,0,-0.22,-0.11,-0.11
1206,1206,1206,2013-10-13 20:55:00,7138828.0,0,0,-0.22,-0.11,-0.11
1207,1207,1207,2013-10-13 21:00:00,7358757.6,0,0,-0.22,-0.11,-0.11
1208,1208,1208,2013-10-13 21:05:00,6691074.8,0,0,-0.22,-0.11,-0.11
1209,1209,1209,2013-10-13 21:10:00,7419464.2,0,0,-0.22,-0.11,-0.11
1210,1210,1210,2013-10-13 21:15:00,7345692.4,0,0,-0.22,-0.11,-0.11
1211,1211,1211,2013-10-13 21:20:00,7106381.2,0,0,-0.22,-0.11,-0.11
1212,1212,1212,2013-10-13 21:25:00,7439340.8,0,0,-0.22,-0.11,-0.11
1213,1213,1213,2013-10-13 21:30:00,7148265.0,0,0,-0.22,-0.11,-0.11
1214,1214,1214,2013-10-13 21:35:00,7079349.4,0,0,-0.22,-0.11,-0.11
1215,1215,1215,2013-10-13 21:40:00,7313239.2,0,0,-0.22,-0.11,-0.11
1216,1216,1216,2013-10-13 21:45:00,7370054.2,0,0,-0.22,-0.11,-0.11
1217,1217,1217,2013-10-13 21:50:00,7146604.0,0,0,-0.22,-0.11,-0.11
1218,1218,1218,2013-10-13 21:55:00,7380294.8,0,0,-0.22,-0.11,-0.11
1219,1219,1219,2013-10-13 22:00:00,7444886.2,0,0,-0.22,-0.11,-0.11
1220,1220,1220,2013-10-13 22:05:00,6960113.0,0,0,-0.22,-0.11,-0.11
1221,1221,1221,2013-10-13 22:10:00,7776972.4,0,0,-0.22,-0.11,-0.11
1222,1222,1222,2013-10-13 22:15:00,7458856.0,0,0,-0.22,-0.11,-0.11
1223,1223,1223,2013-10-13 22:20:00,7193220.0,0,0,-0.22,-0.11,-0.11
1224,1224,1224,2013-10-13 22:25:00,7221732.4,0,0,-0.22,-0.11,-0.11
1225,1225,1225,2013-10-13 22:30:00,7683360.0,0,0,-0.22,-0.11,-0.11
1226,1226,1226,2013-10-13 22:35:00,7346899.6,0,0,-0.22,-0.11,-0.11
1227,1227,1227,2013-10-13 22:40:00,7728333.2,0,0,-0.22,-0.11,-0.11
1228,1228,1228,2013-10-13 22:45:00,6895594.8,0,0,-0.22,-0.11,-0.11
1229,1229,1229,2013-10-13 22:50:00,6637198.0,0,0,-0.22,-0.11,-0.11
1230,1230,1230,2013-10-13 22:55:00,7011225.4,0,0,-0.22,-0.11,-0.11
1231,1231,1231,2013-10-13 23:00:00,6560515.6,0,0,-0.22,-0.11,-0.11
1232,1232,1232,2013-10-13 23:05:00,6638822.6,0,0,-0.22,-0.11,-0.11
1233,1233,1233,2013-10-13 23:10:00,7921025.0,0,0,-0.22,-0.11,-0.11
1234,1234,1234,2013-10-13 23:15:00,8124689.4,0,0,-0.22,-0.11,-0.11
1235,1235,1235,2013-10-13 23:20:00,7346551.8,0,0,-0.22,-0.11,-0.11
1236,1236,1236,2013-10-13 23:25:00,8111561.6,0,0,-0.22,-0.11,-0.11
1237,1237,1237,2013-10-13 23:30:00,7575658.4,0,0,-0.22,-0.11,-0.11
1238,1238,1238,2013-10-13 23:35:00,7198625.2,0,0,-0.22,-0.11,-0.11
1239,1239,1239,2013-10-13 23:40:00,7964260.4,0,0,-0.22,-0.11,-0.11
1240,1240,1240,2013-10-13 23:45:00,7547664.0,0,0,-0.22,-0.11,-0.11
1241,1241,1241,2013-10-13 23:50:00,7988676.2,0,0,-0.22,-0.11,-0.11
1242,1242,1242,2013-10-13 23:55:00,7788122.6,0,0,-0.22,-0.11,-0.11
