,Unnamed: 0,Unnamed: 0.1,timestamp,value,anomaly_score
0,0,0,2013-10-09 16:25:00,9926554.0,0.0
1,1,1,2013-10-09 16:30:00,50745578.0,0.0
2,2,2,2013-10-09 16:35:00,61519397.0,0.0
3,3,3,2013-10-09 16:40:00,55996401.0,0.0
4,4,4,2013-10-09 16:45:00,40876988.0,0.0
5,5,5,2013-10-09 16:50:00,27578939.0,0.0
6,6,6,2013-10-09 16:55:00,21556437.0,0.0
7,7,7,2013-10-09 17:00:00,17440444.6,0.0
8,8,8,2013-10-09 17:05:00,15573374.0,0.0
9,9,9,2013-10-09 17:10:00,16861197.6,0.0
10,10,10,2013-10-09 17:15:00,15478144.6,0.0
11,11,11,2013-10-09 17:20:00,13678676.6,0.0
12,12,12,2013-10-09 17:25:00,11499313.8,0.0
13,13,13,2013-10-09 17:30:00,12124202.8,0.0
14,14,14,2013-10-09 17:35:00,9052782.8,0.0
15,15,15,2013-10-09 17:40:00,8203117.2,0.0
16,16,16,2013-10-09 17:45:00,8309003.0,0.0
17,17,17,2013-10-09 17:50:00,7288143.8,0.0
18,18,18,2013-10-09 17:55:00,8049176.2,0.0
19,19,19,2013-10-09 18:00:00,7444835.6,0.0
20,20,20,2013-10-09 18:05:00,6954155.4,0.0
21,21,21,2013-10-09 18:10:00,7231045.0,0.0
22,22,22,2013-10-09 18:15:00,8040165.8,0.0
23,23,23,2013-10-09 18:20:00,8041010.6,0.0
24,24,24,2013-10-09 18:25:00,8631127.0,0.0
25,25,25,2013-10-09 18:30:00,10871151.8,0.0
26,26,26,2013-10-09 18:35:00,12124409.6,0.0
27,27,27,2013-10-09 18:40:00,13318374.8,0.0
28,28,28,2013-10-09 18:45:00,13666994.4,0.0
29,29,29,2013-10-09 18:50:00,14298954.0,0.0
30,30,30,2013-10-09 18:55:00,12679300.0,0.0
31,31,31,2013-10-09 19:00:00,13892004.8,0.0
32,32,32,2013-10-09 19:05:00,14145179.8,0.0
33,33,33,2013-10-09 19:10:00,13505345.2,0.0
34,34,34,2013-10-09 19:15:00,12603028.8,0.0
35,35,35,2013-10-09 19:20:00,12435453.8,0.0
36,36,36,2013-10-09 19:25:00,12193640.4,0.0
37,37,37,2013-10-09 19:30:00,11542288.0,0.0
38,38,38,2013-10-09 19:35:00,11432968.6,0.0
39,39,39,2013-10-09 19:40:00,12384512.2,0.0
40,40,40,2013-10-09 19:45:00,11534099.6,0.0
41,41,41,2013-10-09 19:50:00,14190782.8,0.0
42,42,42,2013-10-09 19:55:00,10355034.8,0.0
43,43,43,2013-10-09 20:00:00,11658785.8,0.0
44,44,44,2013-10-09 20:05:00,11139206.8,0.0
45,45,45,2013-10-09 20:10:00,8083117.8,0.0
46,46,46,2013-10-09 20:15:00,8599227.6,0.0
47,47,47,2013-10-09 20:20:00,9273135.2,0.0
48,48,48,2013-10-09 20:25:00,10097324.2,0.0
49,49,49,2013-10-09 20:30:00,7103913.6,0.0
50,50,50,2013-10-09 20:35:00,6885343.0,0.0
51,51,51,2013-10-09 20:40:00,9448017.6,0.0
52,52,52,2013-10-09 20:45:00,9151835.2,0.0
53,53,53,2013-10-09 20:50:00,7744279.8,0.0
54,54,54,2013-10-09 20:55:00,8781789.8,0.0
55,55,55,2013-10-09 21:00:00,8182947.4,0.0
56,56,56,2013-10-09 21:05:00,8303328.2,0.0
57,57,57,2013-10-09 21:10:00,7031833.4,0.0
58,58,58,2013-10-09 21:15:00,8185888.6,0.0
59,59,59,2013-10-09 21:20:00,8057902.0,0.0
60,60,60,2013-10-09 21:25:00,7633338.0,0.0
61,61,61,2013-10-09 21:30:00,6917495.8,0.0
62,62,62,2013-10-09 21:35:00,6870317.0,0.0
63,63,63,2013-10-09 21:40:00,7294645.6,0.0
64,64,64,2013-10-09 21:45:00,5611490.2,0.0
65,65,65,2013-10-09 21:50:00,6072482.4,0.0
66,66,66,2013-10-09 21:55:00,5285099.8,0.0
67,67,67,2013-10-09 22:00:00,6168137.2,0.0
68,68,68,2013-10-09 22:05:00,5984117.8,0.0
69,69,69,2013-10-09 22:10:00,5378818.4,0.0
70,70,70,2013-10-09 22:15:00,4649463.4,0.0
71,71,71,2013-10-09 22:20:00,4785452.6,0.0
72,72,72,2013-10-09 22:25:00,3547037.6,0.0
73,73,73,2013-10-09 22:30:00,4001507.2,0.0
74,74,74,2013-10-09 22:35:00,3605455.2,0.0
75,75,75,2013-10-09 22:40:00,3690194.0,0.0
76,76,76,2013-10-09 22:45:00,3352156.8,0.0
77,77,77,2013-10-09 22:50:00,3301986.2,0.0
78,78,78,2013-10-09 22:55:00,3269069.2,0.0
79,79,79,2013-10-09 23:00:00,3290852.4,0.0
80,80,80,2013-10-09 23:05:00,1511772.6,0.0
81,81,81,2013-10-09 23:10:00,1361081.2,0.0
82,82,82,2013-10-09 23:15:00,1313713.0,0.0
83,83,83,2013-10-09 23:20:00,2147718.8,0.0
84,84,84,2013-10-09 23:25:00,1998864.2,0.0
85,85,85,2013-10-09 23:30:00,1534170.4,0.0
86,86,86,2013-10-09 23:35:00,978077.0,0.0
87,87,87,2013-10-09 23:40:00,974482.6,0.0
88,88,88,2013-10-09 23:45:00,1120244.0,0.0
89,89,89,2013-10-09 23:50:00,1041381.4,0.0
90,90,90,2013-10-09 23:55:00,1315852.8,0.0
91,91,91,2013-10-10 00:00:00,1663223.0,0.0
92,92,92,2013-10-10 00:05:00,881168.6,0.0
93,93,93,2013-10-10 00:10:00,864271.8,0.0
94,94,94,2013-10-10 00:15:00,831722.8,0.0
95,95,95,2013-10-10 00:20:00,1025884.6,0.0
96,96,96,2013-10-10 00:25:00,1056338.6,0.0
97,97,97,2013-10-10 00:30:00,1342641.2,0.0
98,98,98,2013-10-10 00:35:00,901321.4,0.0
99,99,99,2013-10-10 00:40:00,994254.0,0.0
100,100,100,2013-10-10 00:45:00,995340.2,0.0
101,101,101,2013-10-10 00:50:00,1042389.8,0.0
102,102,102,2013-10-10 00:55:00,1468524.8,0.0
103,103,103,2013-10-10 01:00:00,1874774.4,0.0
104,104,104,2013-10-10 01:05:00,1068452.6,0.0
105,105,105,2013-10-10 01:10:00,997374.4,0.0
106,106,106,2013-10-10 01:15:00,1185431.8,0.0
107,107,107,2013-10-10 01:20:00,1253500.4,0.0
108,108,108,2013-10-10 01:25:00,1019610.0,0.0
109,109,109,2013-10-10 01:30:00,1467012.8,0.0
110,110,110,2013-10-10 01:35:00,889605.0,0.0
111,111,111,2013-10-10 01:40:00,825968.8,0.0
112,112,112,2013-10-10 01:45:00,944624.6,0.0
113,113,113,2013-10-10 01:50:00,1014397.6,0.0
114,114,114,2013-10-10 01:55:00,985993.2,0.0
115,115,115,2013-10-10 02:00:00,1556147.0,0.0
116,116,116,2013-10-10 02:05:00,918924.2,0.0
117,117,117,2013-10-10 02:10:00,946216.0,0.0
118,118,118,2013-10-10 02:15:00,1203311.6,0.0
119,119,119,2013-10-10 02:20:00,818717.8,0.0
120,120,120,2013-10-10 02:25:00,1271861.4,0.0
121,121,121,2013-10-10 02:30:00,1249426.0,0.0
122,122,122,2013-10-10 02:35:00,959763.2,0.0
123,123,123,2013-10-10 02:40:00,894922.6,0.0
124,124,124,2013-10-10 02:45:00,1035031.6,0.0
125,125,125,2013-10-10 02:50:00,1291079.8,0.0
126,126,126,2013-10-10 02:55:00,1066712.6,0.0
127,127,127,2013-10-10 03:00:00,2790829.8,0.0
128,128,128,2013-10-10 03:05:00,2466770.6,0.0
129,129,129,2013-10-10 03:10:00,3168191.8,0.0
130,130,130,2013-10-10 03:15:00,1362582.2,0.0
131,131,131,2013-10-10 03:20:00,1203811.0,0.0
132,132,132,2013-10-10 03:25:00,892913.2,0.0
133,133,133,2013-10-10 03:30:00,1422962.0,0.0
134,134,134,2013-10-10 03:35:00,1272848.0,0.0
135,135,135,2013-10-10 03:40:00,1383750.2,0.0
136,136,136,2013-10-10 03:45:00,973746.4,0.0
137,137,137,2013-10-10 03:50:00,1240975.6,0.0
138,138,138,2013-10-10 03:55:00,1022294.6,0.0
139,139,139,2013-10-10 04:00:00,1794335.0,0.0
140,140,140,2013-10-10 04:05:00,1261058.8,0.0
141,141,141,2013-10-10 04:10:00,1260534.4,0.0
142,142,142,2013-10-10 04:15:00,1064257.4,0.0
143,143,143,2013-10-10 04:20:00,1027933.8,0.0
144,144,144,2013-10-10 04:25:00,959238.6,0.0
145,145,145,2013-10-10 04:30:00,955490.2,0.0
146,146,146,2013-10-10 04:35:00,1219726.6,0.0
147,147,147,2013-10-10 04:40:00,944099.2,0.0
148,148,148,2013-10-10 04:45:00,789781.0,0.0
149,149,149,2013-10-10 04:50:00,1506217.2,0.0
150,150,150,2013-10-10 04:55:00,1009633.4,0.018229609755994858
151,151,151,2013-10-10 05:00:00,1910032.4,0.019731275595853748
152,152,152,2013-10-10 05:05:00,1004299.4,0.02014272862931432
153,153,153,2013-10-10 05:10:00,800122.2,0.004391919764341945
154,154,154,2013-10-10 05:15:00,1414346.8,0.0016808167140054397
155,155,155,2013-10-10 05:20:00,1114365.6,0.0015438602218522668
156,156,156,2013-10-10 05:25:00,1222933.0,0.0015494113731447934
157,157,157,2013-10-10 05:30:00,1177306.6,0.0015525901497224215
158,158,158,2013-10-10 05:35:00,936231.0,0.001599992245914117
159,159,159,2013-10-10 05:40:00,1086114.8,0.0016869495340162688
160,160,160,2013-10-10 05:45:00,865114.8,0.0018205458101474559
161,161,161,2013-10-10 05:50:00,1058657.6,0.001988016392560854
162,162,162,2013-10-10 05:55:00,1002185.8,0.0021861768145432503
163,163,163,2013-10-10 06:00:00,1487688.6,0.0024040488203644905
164,164,164,2013-10-10 06:05:00,1031687.8,0.0026293624878219735
165,165,165,2013-10-10 06:10:00,821456.4,0.0028589202765871846
166,166,166,2013-10-10 06:15:00,898685.4,0.0030744257402951503
167,167,167,2013-10-10 06:20:00,920632.8,0.0032527890809952442
168,168,168,2013-10-10 06:25:00,1260650.8,0.0032901721739566625
169,169,169,2013-10-10 06:30:00,1028933.8,0.003218997951580538
170,170,170,2013-10-10 06:35:00,792172.0,0.0029110714369471324
171,171,171,2013-10-10 06:40:00,936512.8,0.002355332934841803
172,172,172,2013-10-10 06:45:00,1188596.2,0.0018229696197555878
173,173,173,2013-10-10 06:50:00,1166070.0,0.001380325819338335
174,174,174,2013-10-10 06:55:00,924183.8,0.0010478164419290836
175,175,175,2013-10-10 07:00:00,1702998.0,0.0008177126405835011
176,176,176,2013-10-10 07:05:00,2861705.2,0.0007633916017674158
177,177,177,2013-10-10 07:10:00,1146903.4,0.0007865740804631205
178,178,178,2013-10-10 07:15:00,1051866.2,0.0008272430436866429
179,179,179,2013-10-10 07:20:00,1196833.4,0.000991376700571589
180,180,180,2013-10-10 07:25:00,1439759.4,0.005845885607118295
181,181,181,2013-10-10 07:30:00,1084365.8,0.009415107205271278
182,182,182,2013-10-10 07:35:00,1227197.8,0.01082056520224206
183,183,183,2013-10-10 07:40:00,951286.8,0.011676883442408137
184,184,184,2013-10-10 07:45:00,909773.0,0.012422296185815918
185,185,185,2013-10-10 07:50:00,1673980.6,0.013407248429762597
186,186,186,2013-10-10 07:55:00,1239774.4,0.017430983614025508
187,187,187,2013-10-10 08:00:00,1623926.4,0.5175063877180996
188,188,188,2013-10-10 08:05:00,1899871.8,0.5320771171815251
189,189,189,2013-10-10 08:10:00,1061869.4,0.5160821083922388
190,190,190,2013-10-10 08:15:00,1169978.4,0.49940941233858815
191,191,191,2013-10-10 08:20:00,1309258.8,0.4830265064729271
192,192,192,2013-10-10 08:25:00,1400611.4,0.4675152083168971
193,193,193,2013-10-10 08:30:00,1478794.0,0.451961844772389
194,194,194,2013-10-10 08:35:00,1154915.6,0.4375241742498557
195,195,195,2013-10-10 08:40:00,1119468.6,0.4238679709677444
196,196,196,2013-10-10 08:45:00,1315528.4,0.4111571547256391
197,197,197,2013-10-10 08:50:00,1316311.2,0.39963358327596266
198,198,198,2013-10-10 08:55:00,1252876.6,0.38883080954244387
199,199,199,2013-10-10 09:00:00,1611319.6,0.37858281565478114
200,200,200,2013-10-10 09:05:00,1874347.2,0.368899704704163
201,201,201,2013-10-10 09:10:00,7734377.8,0.35959439224368417
202,202,202,2013-10-10 09:15:00,21326575.6,0.35067552977078464
203,203,203,2013-10-10 09:20:00,34239448.6,0.3388174814992083
204,204,204,2013-10-10 09:25:00,39717876.0,0.31641547919374746
205,205,205,2013-10-10 09:30:00,41614284.6,0.35173045483152166
206,206,206,2013-10-10 09:35:00,46141497.6,0.3699939025369886
207,207,207,2013-10-10 09:40:00,36632762.0,0.3513320024436932
208,208,208,2013-10-10 09:45:00,22884266.2,0.3268909964374077
209,209,209,2013-10-10 09:50:00,18195488.2,0.2990662249096274
210,210,210,2013-10-10 09:55:00,14726156.8,0.27043970069153256
211,211,211,2013-10-10 10:00:00,13021075.2,0.2448372203008028
212,212,212,2013-10-10 10:05:00,12199362.0,0.21211477005193868
213,213,213,2013-10-10 10:10:00,10825948.6,0.1756042478372838
214,214,214,2013-10-10 10:15:00,9548127.6,0.151427301864416
215,215,215,2013-10-10 10:20:00,8109072.2,0.1299037376592459
216,216,216,2013-10-10 10:25:00,8925800.4,0.11054959222459015
217,217,217,2013-10-10 10:30:00,7765588.0,0.09321913879064025
218,218,218,2013-10-10 10:35:00,6306836.6,0.0776677507479634
219,219,219,2013-10-10 10:40:00,6912175.4,0.06369978357458628
220,220,220,2013-10-10 10:45:00,8497172.4,0.05109443955938331
221,221,221,2013-10-10 10:50:00,9570483.4,0.039512423730181045
222,222,222,2013-10-10 10:55:00,10766459.6,0.0292914169035271
223,223,223,2013-10-10 11:00:00,11728221.2,0.027472026275835337
224,224,224,2013-10-10 11:05:00,12230082.2,0.044012083682319014
225,225,225,2013-10-10 11:10:00,12685043.6,0.05717934507310529
226,226,226,2013-10-10 11:15:00,13446408.0,0.06185209809430736
227,227,227,2013-10-10 11:20:00,13995080.6,0.061996768334109054
228,228,228,2013-10-10 11:25:00,14218029.8,0.059843582205249546
229,229,229,2013-10-10 11:30:00,13467919.2,0.056475592696146326
230,230,230,2013-10-10 11:35:00,13460836.0,0.05256745956660125
231,231,231,2013-10-10 11:40:00,13809836.0,0.04881530793350353
232,232,232,2013-10-10 11:45:00,14009019.0,0.04589319340773157
233,233,233,2013-10-10 11:50:00,13084023.6,0.044565420404791944
234,234,234,2013-10-10 11:55:00,12709564.2,0.04497449553204136
235,235,235,2013-10-10 12:00:00,12814870.4,0.04651890585212215
236,236,236,2013-10-10 12:05:00,11877359.0,0.04868286073395245
237,237,237,2013-10-10 12:10:00,11696078.2,0.05097514201829467
238,238,238,2013-10-10 12:15:00,11996982.8,0.0530240567394783
239,239,239,2013-10-10 12:20:00,11997259.8,0.05459670554492069
240,240,240,2013-10-10 12:25:00,11376455.0,0.055512812604395445
241,241,241,2013-10-10 12:30:00,11210009.4,0.05563667751472179
242,242,242,2013-10-10 12:35:00,9479133.6,0.054898630939699156
243,243,243,2013-10-10 12:40:00,8772188.6,0.053380441579425564
244,244,244,2013-10-10 12:45:00,7232056.8,0.0510728281153936
245,245,245,2013-10-10 12:50:00,5023842.2,0.04797747867661373
246,246,246,2013-10-10 12:55:00,4625737.4,0.044120225549097
247,247,247,2013-10-10 13:00:00,4001864.8,0.03958829342299397
248,248,248,2013-10-10 13:05:00,3590778.4,0.03677784067159762
249,249,249,2013-10-10 13:10:00,3459420.2,0.040835823032934315
250,250,250,2013-10-10 13:15:00,4111032.6,0.044878460569356515
251,251,251,2013-10-10 13:20:00,4421097.4,0.046966699725056515
252,252,252,2013-10-10 13:25:00,4455026.0,0.04809011830049437
253,253,253,2013-10-10 13:30:00,7491621.6,0.048743564604592615
254,254,254,2013-10-10 13:35:00,6655292.6,0.049095124461520645
255,255,255,2013-10-10 13:40:00,5443550.2,0.04923418498461063
256,256,256,2013-10-10 13:45:00,6155358.2,0.04919500784356612
257,257,257,2013-10-10 13:50:00,6492683.4,0.04901369523669041
258,258,258,2013-10-10 13:55:00,6950044.0,0.048738737642206265
259,259,259,2013-10-10 14:00:00,6841478.0,0.048421184216364654
260,260,260,2013-10-10 14:05:00,6484278.0,0.04807645787547099
261,261,261,2013-10-10 14:10:00,6224288.0,0.04771438416642215
262,262,262,2013-10-10 14:15:00,6695084.8,0.04734419575162241
263,263,263,2013-10-10 14:20:00,6520807.0,0.04696189618083857
264,264,264,2013-10-10 14:25:00,4169085.8,0.046579088481280784
265,265,265,2013-10-10 14:30:00,3935875.6,0.046197241622771834
266,266,266,2013-10-10 14:35:00,3871600.0,0.04577402839473188
267,267,267,2013-10-10 14:40:00,4002291.2,0.04528500738234942
268,268,268,2013-10-10 14:45:00,3947186.2,0.044733798489719034
269,269,269,2013-10-10 14:50:00,4353851.6,0.04411173273733815
270,270,270,2013-10-10 14:55:00,4353784.6,0.04343525944056004
271,271,271,2013-10-10 15:00:00,5099945.0,0.04274689587709546
272,272,272,2013-10-10 15:05:00,5771032.8,0.04208807343833876
273,273,273,2013-10-10 15:10:00,6843186.0,0.04151032218037454
274,274,274,2013-10-10 15:15:00,5279036.4,0.04104126629661298
275,275,275,2013-10-10 15:20:00,6496034.2,0.04068860636069693
276,276,276,2013-10-10 15:25:00,4476881.4,0.04043678799319117
277,277,277,2013-10-10 15:30:00,7500000.4,0.04027021606623582
278,278,278,2013-10-10 15:35:00,4549360.8,0.04016676127563479
279,279,279,2013-10-10 15:40:00,4837703.4,0.04008658141131061
280,280,280,2013-10-10 15:45:00,5145406.0,0.03997773316455089
281,281,281,2013-10-10 15:50:00,5235980.4,0.03976023532063433
282,282,282,2013-10-10 15:55:00,4608298.0,0.039359305528870125
283,283,283,2013-10-10 16:00:00,4648481.0,0.03871565478539174
284,284,284,2013-10-10 16:05:00,5222922.0,0.037848770544071764
285,285,285,2013-10-10 16:10:00,5018915.4,0.03682528077482905
286,286,286,2013-10-10 16:15:00,6171433.4,0.035713966191169066
287,287,287,2013-10-10 16:20:00,5202479.8,0.03462765344678953
288,288,288,2013-10-10 16:25:00,3324062.0,0.03372116434591499
289,289,289,2013-10-10 16:30:00,5081782.8,0.03318823810159777
290,290,290,2013-10-10 16:35:00,4249074.6,0.03321914229821443
291,291,291,2013-10-10 16:40:00,4199818.6,0.03389910321396861
292,292,292,2013-10-10 16:45:00,5219494.2,0.03513265619636652
293,293,293,2013-10-10 16:50:00,4694730.2,0.03664872480724768
294,294,294,2013-10-10 16:55:00,6152926.2,0.03808517155109803
295,295,295,2013-10-10 17:00:00,5550911.8,0.03912913335376167
296,296,296,2013-10-10 17:05:00,4896396.0,0.039574018933835386
297,297,297,2013-10-10 17:10:00,5670213.8,0.039334468882203266
298,298,298,2013-10-10 17:15:00,4850725.4,0.03840092211781099
299,299,299,2013-10-10 17:20:00,4571890.4,0.03677710655828015
300,300,300,2013-10-10 17:25:00,4536476.8,0.03445919405231668
301,301,301,2013-10-10 17:30:00,4437847.2,0.031453809430388335
302,302,302,2013-10-10 17:35:00,5375253.2,0.02780096810341448
303,303,303,2013-10-10 17:40:00,4312917.2,0.023775584093547297
304,304,304,2013-10-10 17:45:00,3983407.8,0.019975714187163485
305,305,305,2013-10-10 17:50:00,4300847.6,0.017029278853004204
306,306,306,2013-10-10 17:55:00,4406236.0,0.015140558474187382
307,307,307,2013-10-10 18:00:00,4374796.8,0.014163824405194703
308,308,308,2013-10-10 18:05:00,3936344.4,0.013865121594805352
309,309,309,2013-10-10 18:10:00,3846504.4,0.013842313782651772
310,310,310,2013-10-10 18:15:00,3692155.2,0.013871475312800863
311,311,311,2013-10-10 18:20:00,3217057.0,0.013901494826927374
312,312,312,2013-10-10 18:25:00,3820828.8,0.01392492650286059
313,313,313,2013-10-10 18:30:00,4718348.6,0.013971395351921934
314,314,314,2013-10-10 18:35:00,3415757.8,0.014099609360458731
315,315,315,2013-10-10 18:40:00,4203280.8,0.014381537313681303
316,316,316,2013-10-10 18:45:00,3655304.0,0.014901024653122263
317,317,317,2013-10-10 18:50:00,3335873.0,0.015704913292675093
318,318,318,2013-10-10 18:55:00,3137363.0,0.016791532287139144
319,319,319,2013-10-10 19:00:00,3636906.4,0.018078564642673656
320,320,320,2013-10-10 19:05:00,3469994.6,0.019426064990102576
321,321,321,2013-10-10 19:10:00,3291118.6,0.02071769836983195
322,322,322,2013-10-10 19:15:00,3582063.0,0.021954279196986448
323,323,323,2013-10-10 19:20:00,3177593.0,0.023872122643066263
324,324,324,2013-10-10 19:25:00,3183260.8,0.012140668541883337
325,325,325,2013-10-10 19:30:00,2701991.8,0.010752305864050515
326,326,326,2013-10-10 19:35:00,2756069.0,0.010065071942163106
327,327,327,2013-10-10 19:40:00,3424595.0,0.009410531405320333
328,328,328,2013-10-10 19:45:00,2716830.0,0.008772239535399073
329,329,329,2013-10-10 19:50:00,2595576.6,0.00824120243819948
330,330,330,2013-10-10 19:55:00,3246679.0,0.007793196264011537
331,331,331,2013-10-10 20:00:00,2800273.6,0.007360968134994095
332,332,332,2013-10-10 20:05:00,2484272.0,0.00829102372316226
333,333,333,2013-10-10 20:10:00,2227412.4,0.007638673493448156
334,334,334,2013-10-10 20:15:00,2684762.6,0.0076110628004236736
335,335,335,2013-10-10 20:20:00,3560943.0,0.007833631159916421
336,336,336,2013-10-10 20:25:00,3986034.8,0.008210006730914321
337,337,337,2013-10-10 20:30:00,4382304.2,0.008688665270123797
338,338,338,2013-10-10 20:35:00,6511585.2,0.0092882872433383
339,339,339,2013-10-10 20:40:00,13757010.4,0.007020347139145344
340,340,340,2013-10-10 20:45:00,9203809.4,0.00693194161521371
341,341,341,2013-10-10 20:50:00,5384941.6,0.007117527492936149
342,342,342,2013-10-10 20:55:00,3715801.6,0.0073335707616623
343,343,343,2013-10-10 21:00:00,3076906.8,0.007579088375214482
344,344,344,2013-10-10 21:05:00,2981824.0,0.007848442643362152
345,345,345,2013-10-10 21:10:00,2508304.8,0.008134724247405911
346,346,346,2013-10-10 21:15:00,2873027.0,0.008430331336527153
347,347,347,2013-10-10 21:20:00,2736929.8,0.008726627334381898
348,348,348,2013-10-10 21:25:00,2852624.6,0.009029931902180488
349,349,349,2013-10-10 21:30:00,2597563.6,0.00854378023024338
350,350,350,2013-10-10 21:35:00,2299805.4,0.008975484343986317
351,351,351,2013-10-10 21:40:00,2124006.6,0.009498133830814659
352,352,352,2013-10-10 21:45:00,1843232.8,0.010005608752387096
353,353,353,2013-10-10 21:50:00,2516452.4,0.010405001336021291
354,354,354,2013-10-10 21:55:00,2635773.2,0.010698092469211051
355,355,355,2013-10-10 22:00:00,2934168.6,0.010788279145587887
356,356,356,2013-10-10 22:05:00,3165361.2,0.010278753021885967
357,357,357,2013-10-10 22:10:00,2596034.8,0.010360370441125255
358,358,358,2013-10-10 22:15:00,2365396.2,0.010799265628837706
359,359,359,2013-10-10 22:20:00,2410592.4,0.01119500026871667
360,360,360,2013-10-10 22:25:00,2411177.2,0.011527991993888542
361,361,361,2013-10-10 22:30:00,2817637.0,0.011791306643649024
362,362,362,2013-10-10 22:35:00,2420126.0,0.011950670336137503
363,363,363,2013-10-10 22:40:00,2087740.6,0.011908660643864644
364,364,364,2013-10-10 22:45:00,1964231.0,0.002221028401672376
365,365,365,2013-10-10 22:50:00,2010772.4,0.001441127447034507
366,366,366,2013-10-10 22:55:00,1781298.8,0.0016650863603085986
367,367,367,2013-10-10 23:00:00,2799522.0,0.0017323811032425862
368,368,368,2013-10-10 23:05:00,2338843.0,0.001780440113612225
369,369,369,2013-10-10 23:10:00,1943066.8,0.0018114723135692623
370,370,370,2013-10-10 23:15:00,2518236.8,0.0017991422350662756
371,371,371,2013-10-10 23:20:00,3359710.8,0.0017592468460477795
372,372,372,2013-10-10 23:25:00,2119819.4,0.0017084713465453927
373,373,373,2013-10-10 23:30:00,2216677.4,0.0016394794140851543
374,374,374,2013-10-10 23:35:00,1922451.0,0.0015894457896582503
375,375,375,2013-10-10 23:40:00,2131340.4,0.0015270342082052135
376,376,376,2013-10-10 23:45:00,2174178.6,0.0014632082489969278
377,377,377,2013-10-10 23:50:00,2053342.8,0.0013864767318186866
378,378,378,2013-10-10 23:55:00,2500698.4,0.0013144823039491493
379,379,379,2013-10-11 00:00:00,2345290.8,0.0012369008708220663
380,380,380,2013-10-11 00:05:00,2157204.4,0.0011503648821438173
381,381,381,2013-10-11 00:10:00,2458691.2,0.0010610609918744185
382,382,382,2013-10-11 00:15:00,2451451.4,0.000985477674499191
383,383,383,2013-10-11 00:20:00,2074059.4,0.000928233230330533
384,384,384,2013-10-11 00:25:00,2823709.6,0.0008963676872252302
385,385,385,2013-10-11 00:30:00,3076168.6,0.0008831015057675362
386,386,386,2013-10-11 00:35:00,2733595.0,0.0008852060545283535
387,387,387,2013-10-11 00:40:00,2627582.6,0.000903233755810029
388,388,388,2013-10-11 00:45:00,2571875.4,0.0009330459265665114
389,389,389,2013-10-11 00:50:00,2763043.4,0.000972611946675972
390,390,390,2013-10-11 00:55:00,3373233.6,0.0010140371468380094
391,391,391,2013-10-11 01:00:00,2596747.2,0.0010224520511277202
392,392,392,2013-10-11 01:05:00,2573697.0,0.0010483117216327775
393,393,393,2013-10-11 01:10:00,2585580.8,0.0010972377751312656
394,394,394,2013-10-11 01:15:00,2926060.2,0.001162779806111791
395,395,395,2013-10-11 01:20:00,2721994.2,0.001232388379098004
396,396,396,2013-10-11 01:25:00,2826090.8,0.0013203477893781734
397,397,397,2013-10-11 01:30:00,3175531.0,0.0014284555123187381
398,398,398,2013-10-11 01:35:00,2783067.4,0.0015517191753462445
399,399,399,2013-10-11 01:40:00,2646577.8,0.001658697844409529
400,400,400,2013-10-11 01:45:00,2249622.8,0.0017868763671445853
401,401,401,2013-10-11 01:50:00,2380653.2,0.001933010610167929
402,402,402,2013-10-11 01:55:00,3353167.8,0.0020912025611999896
403,403,403,2013-10-11 02:00:00,2691037.4,0.0022536403743766975
404,404,404,2013-10-11 02:05:00,2815953.6,0.0024019048812631283
405,405,405,2013-10-11 02:10:00,2388228.8,0.002553844320892673
406,406,406,2013-10-11 02:15:00,2607510.2,0.0027067270721233827
407,407,407,2013-10-11 02:20:00,2258206.2,0.0028602538390763987
408,408,408,2013-10-11 02:25:00,2119898.0,0.003007559156168127
409,409,409,2013-10-11 02:30:00,2234826.6,0.003149151305777642
410,410,410,2013-10-11 02:35:00,2029213.0,0.0032887382848567626
411,411,411,2013-10-11 02:40:00,2022639.2,0.003413438120172585
412,412,412,2013-10-11 02:45:00,2477133.0,0.00352918407467373
413,413,413,2013-10-11 02:50:00,2322718.8,0.0036373124874348184
414,414,414,2013-10-11 02:55:00,2451926.6,0.0037450786552912785
415,415,415,2013-10-11 03:00:00,3751994.8,0.0038662936629308975
416,416,416,2013-10-11 03:05:00,3835848.4,0.003985605981348783
417,417,417,2013-10-11 03:10:00,4605135.8,0.004069645542399081
418,418,418,2013-10-11 03:15:00,2598200.0,0.0041224666812290645
419,419,419,2013-10-11 03:20:00,2721577.4,0.004173238221139908
420,420,420,2013-10-11 03:25:00,2402112.2,0.004263055339427613
421,421,421,2013-10-11 03:30:00,2573645.6,0.004362994705020995
422,422,422,2013-10-11 03:35:00,1869702.6,0.004443133714153169
423,423,423,2013-10-11 03:40:00,2195341.8,0.004497333112506108
424,424,424,2013-10-11 03:45:00,2179106.2,0.004516272112073061
425,425,425,2013-10-11 03:50:00,2224773.8,0.004508657464376897
426,426,426,2013-10-11 03:55:00,2051167.2,0.0044916548806004375
427,427,427,2013-10-11 04:00:00,2076078.6,0.004501667482738836
428,428,428,2013-10-11 04:05:00,2338487.0,0.004554496425575039
429,429,429,2013-10-11 04:10:00,2322368.6,0.00463037832008939
430,430,430,2013-10-11 04:15:00,2213996.4,0.004680012191871974
431,431,431,2013-10-11 04:20:00,1960851.4,0.00469048593622734
432,432,432,2013-10-11 04:25:00,2122598.6,0.004677120119222944
433,433,433,2013-10-11 04:30:00,2050746.2,0.0046599441640583494
434,434,434,2013-10-11 04:35:00,1663046.4,0.0046480870018972276
435,435,435,2013-10-11 04:40:00,1939977.0,0.004639753523975942
436,436,436,2013-10-11 04:45:00,1737724.6,0.004633815453191414
437,437,437,2013-10-11 04:50:00,2021960.8,0.0046330323138307206
438,438,438,2013-10-11 04:55:00,2004803.6,0.004627752033253163
439,439,439,2013-10-11 05:00:00,2166114.6,0.004571437814124946
440,440,440,2013-10-11 05:05:00,1853609.6,0.004645788633712455
441,441,441,2013-10-11 05:10:00,1976750.8,0.0046833643923949175
442,442,442,2013-10-11 05:15:00,2105559.2,0.004562638615827286
443,443,443,2013-10-11 05:20:00,1761453.0,0.00406419721892326
444,444,444,2013-10-11 05:25:00,2153253.4,0.003488702642051922
445,445,445,2013-10-11 05:30:00,1780847.8,0.004481214299772329
446,446,446,2013-10-11 05:35:00,2041699.2,0.004854877189712448
447,447,447,2013-10-11 05:40:00,1819123.4,0.004968696068540002
448,448,448,2013-10-11 05:45:00,1892495.8,0.005000252643899028
449,449,449,2013-10-11 05:50:00,2131994.0,0.004998996009334511
450,450,450,2013-10-11 05:55:00,2037706.0,0.0049867318840457475
451,451,451,2013-10-11 06:00:00,2019189.0,0.00495168369455945
452,452,452,2013-10-11 06:05:00,1799215.4,0.004767238778756511
453,453,453,2013-10-11 06:10:00,1805860.4,0.004729010845877846
454,454,454,2013-10-11 06:15:00,1768089.2,0.0048151183988977
455,455,455,2013-10-11 06:20:00,2498414.8,0.004981683876241427
456,456,456,2013-10-11 06:25:00,2238022.2,0.005217859322568685
457,457,457,2013-10-11 06:30:00,2159250.6,0.0054901689966758704
458,458,458,2013-10-11 06:35:00,2639714.6,0.005800901153554139
459,459,459,2013-10-11 06:40:00,2171903.2,0.0061283039508975845
460,460,460,2013-10-11 06:45:00,2519590.8,0.006455369173002046
461,461,461,2013-10-11 06:50:00,2841035.4,0.006771556603118789
462,462,462,2013-10-11 06:55:00,2955063.4,0.00702512521078158
463,463,463,2013-10-11 07:00:00,2999436.2,0.00719940406837416
464,464,464,2013-10-11 07:05:00,3614117.4,0.00747837173583743
465,465,465,2013-10-11 07:10:00,3138828.0,0.00793339953390848
466,466,466,2013-10-11 07:15:00,2943885.2,0.008052206137038387
467,467,467,2013-10-11 07:20:00,3058868.2,0.00802288709967236
468,468,468,2013-10-11 07:25:00,3485896.2,0.007944612722501798
469,469,469,2013-10-11 07:30:00,3034602.4,0.007861024457701538
470,470,470,2013-10-11 07:35:00,3229994.2,0.007764451541885875
471,471,471,2013-10-11 07:40:00,3210041.0,0.007688521195905129
472,472,472,2013-10-11 07:45:00,3268730.4,0.0076462286753681274
473,473,473,2013-10-11 07:50:00,4081030.8,0.0076172349527464656
474,474,474,2013-10-11 07:55:00,4146895.2,0.007617701611690508
475,475,475,2013-10-11 08:00:00,3599528.0,0.00756026349990202
476,476,476,2013-10-11 08:05:00,3779623.6,0.00706337258933043
477,477,477,2013-10-11 08:10:00,3734695.8,0.004450959357411466
478,478,478,2013-10-11 08:15:00,3843868.2,0.003695294330930521
479,479,479,2013-10-11 08:20:00,3627613.4,0.0037380572776011256
480,480,480,2013-10-11 08:25:00,3246938.2,0.003763001196176119
481,481,481,2013-10-11 08:30:00,3139698.4,0.003734779210207928
482,482,482,2013-10-11 08:35:00,3022623.2,0.0036877129663265285
483,483,483,2013-10-11 08:40:00,3175430.4,0.0036058484066779917
484,484,484,2013-10-11 08:45:00,2937446.6,0.0034994059538091538
485,485,485,2013-10-11 08:50:00,2705773.0,0.0033753611118877425
486,486,486,2013-10-11 08:55:00,2281336.2,0.003186844359483354
487,487,487,2013-10-11 09:00:00,2721626.8,0.0028797839736725006
488,488,488,2013-10-11 09:05:00,2526060.2,0.0022496629211576913
489,489,489,2013-10-11 09:10:00,1943263.0,0.0009338750036435028
490,490,490,2013-10-11 09:15:00,2115264.8,0.0003758291645268308
491,491,491,2013-10-11 09:20:00,1716114.6,0.00033035196321651306
492,492,492,2013-10-11 09:25:00,1689399.4,0.00030129968280900865
493,493,493,2013-10-11 09:30:00,1614255.4,0.000274211371678601
494,494,494,2013-10-11 09:35:00,1586300.6,0.0002505333624620576
495,495,495,2013-10-11 09:40:00,1945050.0,0.000232133686638325
496,496,496,2013-10-11 09:45:00,1419494.6,0.00021995774051108974
497,497,497,2013-10-11 09:50:00,2052665.4,0.00021520320164858386
498,498,498,2013-10-11 09:55:00,1503766.4,0.0002210452577697808
499,499,499,2013-10-11 10:00:00,1425593.8,0.0002370478880099336
500,500,500,2013-10-11 10:05:00,1564241.2,0.00026484736662513164
501,501,501,2013-10-11 10:10:00,1445060.2,0.00030250345411531043
502,502,502,2013-10-11 10:15:00,1402325.6,0.00034189083690960853
503,503,503,2013-10-11 10:20:00,1630047.2,0.00037349320889867865
504,504,504,2013-10-11 10:25:00,1315837.2,0.0003910905878976578
505,505,505,2013-10-11 10:30:00,1399811.8,0.00039812253617854676
506,506,506,2013-10-11 10:35:00,1653111.4,0.0003974553052452645
507,507,507,2013-10-11 10:40:00,1317575.4,0.0003922469790319516
508,508,508,2013-10-11 10:45:00,1333332.8,0.00038471967512487826
509,509,509,2013-10-11 10:50:00,1646857.6,0.000374967478182775
510,510,510,2013-10-11 10:55:00,1436422.6,0.0003634157565725049
511,511,511,2013-10-11 11:00:00,1447339.2,0.00035556136569447894
512,512,512,2013-10-11 11:05:00,1613220.4,0.0003484106344536775
513,513,513,2013-10-11 11:10:00,1662310.2,0.0003338690152289159
514,514,514,2013-10-11 11:15:00,1545840.2,0.0003160909093271602
515,515,515,2013-10-11 11:20:00,2411798.8,0.00029100050477781636
516,516,516,2013-10-11 11:25:00,2392206.4,0.00026127620278793007
517,517,517,2013-10-11 11:30:00,2101047.4,0.00025203375110827153
518,518,518,2013-10-11 11:35:00,1488686.2,0.00025455395988260854
519,519,519,2013-10-11 11:40:00,2004115.6,0.0002605531916699544
520,520,520,2013-10-11 11:45:00,1691222.6,0.0002626763250098696
521,521,521,2013-10-11 11:50:00,2059449.4,0.00026293875257599186
522,522,522,2013-10-11 11:55:00,2161052.6,0.0002609078681800048
523,523,523,2013-10-11 12:00:00,2587023.0,0.0002590890472875529
524,524,524,2013-10-11 12:05:00,3038556.8,0.00025537572897949
525,525,525,2013-10-11 12:10:00,3019801.6,0.0002498328788347326
526,526,526,2013-10-11 12:15:00,3016383.4,0.00024177985101003774
527,527,527,2013-10-11 12:20:00,3488911.0,0.00023206332052383427
528,528,528,2013-10-11 12:25:00,3639406.4,0.0002200748800506025
529,529,529,2013-10-11 12:30:00,4288769.2,0.00020661477754113644
530,530,530,2013-10-11 12:35:00,4508238.6,0.0001925469247472389
531,531,531,2013-10-11 12:40:00,3876246.2,0.00017990336170503607
532,532,532,2013-10-11 12:45:00,3620962.8,0.00017287429228962647
533,533,533,2013-10-11 12:50:00,4616707.2,0.00017320185131897148
534,534,534,2013-10-11 12:55:00,4108598.8,0.00018095723624600435
535,535,535,2013-10-11 13:00:00,4354785.6,0.0001980944821036168
536,536,536,2013-10-11 13:05:00,4086370.4,0.00022040330608652514
537,537,537,2013-10-11 13:10:00,4152349.6,0.00024368588625811594
538,538,538,2013-10-11 13:15:00,4059468.6,0.0002635113638429498
539,539,539,2013-10-11 13:20:00,4503811.6,0.00027903591046063436
540,540,540,2013-10-11 13:25:00,4255971.6,0.00028857836585449714
541,541,541,2013-10-11 13:30:00,4555081.6,0.00029090547827903546
542,542,542,2013-10-11 13:35:00,3962572.6,0.00028749659324833754
543,543,543,2013-10-11 13:40:00,4546405.8,0.00027950887554906156
544,544,544,2013-10-11 13:45:00,4112242.4,0.0002643704181037876
545,545,545,2013-10-11 13:50:00,3963009.4,0.0002488071525346136
546,546,546,2013-10-11 13:55:00,4264964.2,0.0002317867061851775
547,547,547,2013-10-11 14:00:00,4711787.0,0.0002205281008925697
548,548,548,2013-10-11 14:05:00,4008551.6,0.00021042246418756516
549,549,549,2013-10-11 14:10:00,3886748.4,0.00020266602130769584
550,550,550,2013-10-11 14:15:00,4360407.8,0.00019841238831141972
551,551,551,2013-10-11 14:20:00,3777113.6,0.00019604345643586818
552,552,552,2013-10-11 14:25:00,4448038.4,0.0001923050201594334
553,553,553,2013-10-11 14:30:00,4350720.0,0.00019423426360176688
554,554,554,2013-10-11 14:35:00,4000456.4,0.00019259975663266093
555,555,555,2013-10-11 14:40:00,3757759.0,0.00018897850380528158
556,556,556,2013-10-11 14:45:00,3714593.2,0.00018272311868172686
557,557,557,2013-10-11 14:50:00,3802077.8,0.00017666145016037582
558,558,558,2013-10-11 14:55:00,4170299.8,0.0001748312804048524
559,559,559,2013-10-11 15:00:00,5127343.2,0.00017940053958165336
560,560,560,2013-10-11 15:05:00,5878506.0,0.00018253172195870082
561,561,561,2013-10-11 15:10:00,7135374.6,0.00018101840180739792
562,562,562,2013-10-11 15:15:00,5958465.2,0.00017446305381974003
563,563,563,2013-10-11 15:20:00,5198396.6,0.00016969393513910358
564,564,564,2013-10-11 15:25:00,4433295.4,0.0001721803599534777
565,565,565,2013-10-11 15:30:00,4855605.8,0.00017806167962042263
566,566,566,2013-10-11 15:35:00,4924891.2,0.00018462312185252294
567,567,567,2013-10-11 15:40:00,4788996.0,0.0001906504750461835
568,568,568,2013-10-11 15:45:00,4697164.6,0.00019712096564239445
569,569,569,2013-10-11 15:50:00,4682754.0,0.00020022631782168343
570,570,570,2013-10-11 15:55:00,4119163.4,0.00020201473454284358
571,571,571,2013-10-11 16:00:00,5152299.2,0.0002009731927776759
572,572,572,2013-10-11 16:05:00,5840876.0,0.0001969721402780289
573,573,573,2013-10-11 16:10:00,4851767.2,0.00019303278265148105
574,574,574,2013-10-11 16:15:00,5146560.4,0.00019135629491884298
575,575,575,2013-10-11 16:20:00,4523770.8,0.00019086693628866946
576,576,576,2013-10-11 16:25:00,5435023.6,0.00019142891990808764
577,577,577,2013-10-11 16:30:00,4971937.8,0.00019319029456732473
578,578,578,2013-10-11 16:35:00,5635966.8,0.00019604278998275326
579,579,579,2013-10-11 16:40:00,5122805.8,0.00020031153929933598
580,580,580,2013-10-11 16:45:00,5066339.0,0.00020503408959104963
581,581,581,2013-10-11 16:50:00,5091821.0,0.00021168029524876175
582,582,582,2013-10-11 16:55:00,5286978.0,0.0002202070019777791
583,583,583,2013-10-11 17:00:00,4617354.2,0.0002327926537157854
584,584,584,2013-10-11 17:05:00,5074936.2,0.0002498751100727947
585,585,585,2013-10-11 17:10:00,4946120.0,0.0002713404131137187
586,586,586,2013-10-11 17:15:00,6072816.0,0.0002912576036366854
587,587,587,2013-10-11 17:20:00,5499821.0,0.00030618251709313427
588,588,588,2013-10-11 17:25:00,5616319.6,0.00031766355816742475
589,589,589,2013-10-11 17:30:00,6105407.6,0.0003313025249316315
590,590,590,2013-10-11 17:35:00,5154501.0,0.0003468769879149125
591,591,591,2013-10-11 17:40:00,4878282.2,0.0003603993977120412
592,592,592,2013-10-11 17:45:00,5460952.2,0.0003718502195454443
593,593,593,2013-10-11 17:50:00,5431154.6,0.0003798839510770202
594,594,594,2013-10-11 17:55:00,6670608.0,0.0003838451094112516
595,595,595,2013-10-11 18:00:00,6095858.6,0.0003820277676309658
596,596,596,2013-10-11 18:05:00,6956541.4,0.00037474597506204077
597,597,597,2013-10-11 18:10:00,6199730.6,0.00035752642660347167
598,598,598,2013-10-11 18:15:00,5714497.8,0.0003319081144446123
599,599,599,2013-10-11 18:20:00,6457977.6,0.00029934977301437904
600,600,600,2013-10-11 18:25:00,5753349.2,0.00025849261645727317
601,601,601,2013-10-11 18:30:00,6047827.2,0.00022394302931327825
602,602,602,2013-10-11 18:35:00,6658760.6,0.00020743350462548715
603,603,603,2013-10-11 18:40:00,5845224.0,0.0002127004849491465
604,604,604,2013-10-11 18:45:00,6342895.4,0.00022371223160877474
605,605,605,2013-10-11 18:50:00,6092819.0,0.00023347960860808925
606,606,606,2013-10-11 18:55:00,6495620.4,0.00023881897276589736
607,607,607,2013-10-11 19:00:00,6848253.4,0.00024198073909575957
608,608,608,2013-10-11 19:05:00,7022389.4,0.00023793736275223853
609,609,609,2013-10-11 19:10:00,6095139.6,0.000233202278356881
610,610,610,2013-10-11 19:15:00,5196470.0,0.00021830759102547947
611,611,611,2013-10-11 19:20:00,6245523.6,0.00020446940640161948
612,612,612,2013-10-11 19:25:00,6063450.0,0.00019780345201514393
613,613,613,2013-10-11 19:30:00,5752171.4,0.00019663566064942462
614,614,614,2013-10-11 19:35:00,6961971.2,0.0002015711557032951
615,615,615,2013-10-11 19:40:00,5756761.6,0.0002106485710891004
616,616,616,2013-10-11 19:45:00,6439968.0,0.0002219592155018324
617,617,617,2013-10-11 19:50:00,6029420.4,0.0002378902927421267
618,618,618,2013-10-11 19:55:00,5526105.2,0.00025349943934538377
619,619,619,2013-10-11 20:00:00,5683547.4,0.0002720935093859511
620,620,620,2013-10-11 20:05:00,5640075.6,0.00029101866529424036
621,621,621,2013-10-11 20:10:00,5640589.8,0.0003038583738573797
622,622,622,2013-10-11 20:15:00,5567824.0,0.00031449853418707985
623,623,623,2013-10-11 20:20:00,5077413.0,0.0003156701282528429
624,624,624,2013-10-11 20:25:00,5764415.0,0.00031227155747770574
625,625,625,2013-10-11 20:30:00,6909404.8,0.00030788016153571185
626,626,626,2013-10-11 20:35:00,7339086.6,0.000301722352612499
627,627,627,2013-10-11 20:40:00,10412561.6,0.0002918724829332753
628,628,628,2013-10-11 20:45:00,7364122.0,0.00027502755869213136
629,629,629,2013-10-11 20:50:00,5189782.4,0.0002670721021683642
630,630,630,2013-10-11 20:55:00,3723893.6,0.0002650825314185479
631,631,631,2013-10-11 21:00:00,6623585.8,0.0002612992531695335
632,632,632,2013-10-11 21:05:00,4414673.2,0.00025167217867627656
633,633,633,2013-10-11 21:10:00,9307313.4,0.0002477269171446972
634,634,634,2013-10-11 21:15:00,3958717.2,0.00023781323883254046
635,635,635,2013-10-11 21:20:00,4500197.4,0.0002460070994007024
636,636,636,2013-10-11 21:25:00,4809785.2,0.00024208502468048287
637,637,637,2013-10-11 21:30:00,4220875.4,0.00022981125013166182
638,638,638,2013-10-11 21:35:00,4678269.8,0.0002196301444769011
639,639,639,2013-10-11 21:40:00,4023287.8,0.00020995048551286644
640,640,640,2013-10-11 21:45:00,4025726.2,0.0002022107314653132
641,641,641,2013-10-11 21:50:00,4899668.2,0.000195549687557528
642,642,642,2013-10-11 21:55:00,4500448.2,0.00019214036500314613
643,643,643,2013-10-11 22:00:00,5425124.2,0.00019081967643252984
644,644,644,2013-10-11 22:05:00,4736342.6,0.0001958670614895519
645,645,645,2013-10-11 22:10:00,3897116.4,0.0002050333033146723
646,646,646,2013-10-11 22:15:00,4175719.2,0.00021673293701773844
647,647,647,2013-10-11 22:20:00,3768877.4,0.0002304877247848447
648,648,648,2013-10-11 22:25:00,3633691.4,0.00024393576178605159
649,649,649,2013-10-11 22:30:00,3136307.2,0.00025925364622336744
650,650,650,2013-10-11 22:35:00,3600642.0,0.00027727588637782574
651,651,651,2013-10-11 22:40:00,3480859.4,0.0002973019313337044
652,652,652,2013-10-11 22:45:00,3182200.6,0.0003138010776486677
653,653,653,2013-10-11 22:50:00,3398359.6,0.00032110726829637226
654,654,654,2013-10-11 22:55:00,3428305.6,0.0003246293278001966
655,655,655,2013-10-11 23:00:00,3942081.2,0.00032860920850286135
656,656,656,2013-10-11 23:05:00,3610477.8,0.00032998650754390013
657,657,657,2013-10-11 23:10:00,2606589.8,0.00032749053566272224
658,658,658,2013-10-11 23:15:00,2532067.6,0.0003253373370407653
659,659,659,2013-10-11 23:20:00,3795175.8,0.00031277450877142954
660,660,660,2013-10-11 23:25:00,4031016.2,0.0003085071021601271
661,661,661,2013-10-11 23:30:00,3087124.6,0.00030330342696827106
662,662,662,2013-10-11 23:35:00,2645886.2,0.0003018532682043107
663,663,663,2013-10-11 23:40:00,2921061.8,0.00030088245307502426
664,664,664,2013-10-11 23:45:00,2868193.8,0.0002946415947242542
665,665,665,2013-10-11 23:50:00,3678312.0,0.0002878691702389302
666,666,666,2013-10-11 23:55:00,3993569.2,0.0002802446632006461
667,667,667,2013-10-12 00:00:00,3155317.8,0.0002726903118932533
668,668,668,2013-10-12 00:05:00,2577275.4,0.00026424550053016915
669,669,669,2013-10-12 00:10:00,2030924.2,0.0002559178364267556
670,670,670,2013-10-12 00:15:00,2691552.8,0.00024867717473875395
671,671,671,2013-10-12 00:20:00,2108746.2,0.00024181863212391352
672,672,672,2013-10-12 00:25:00,2602548.4,0.00023755136013170475
673,673,673,2013-10-12 00:30:00,2468735.6,0.00023270587205981297
674,674,674,2013-10-12 00:35:00,2507354.4,0.00022451072612494904
675,675,675,2013-10-12 00:40:00,2261713.8,0.00021876392600517214
676,676,676,2013-10-12 00:45:00,2457518.2,0.00021597530947403687
677,677,677,2013-10-12 00:50:00,2418719.6,0.00021710957831189148
678,678,678,2013-10-12 00:55:00,3111028.0,0.00022089035749495167
679,679,679,2013-10-12 01:00:00,3591372.8,0.0002250510598038602
680,680,680,2013-10-12 01:05:00,3041616.4,0.00022696877927486092
681,681,681,2013-10-12 01:10:00,2416064.8,0.00022830065454648718
682,682,682,2013-10-12 01:15:00,2395888.0,0.0002288981165102788
683,683,683,2013-10-12 01:20:00,2708144.6,0.000229036718305764
684,684,684,2013-10-12 01:25:00,2907673.0,0.00022884675383283426
685,685,685,2013-10-12 01:30:00,2969344.6,0.00022573088287813903
686,686,686,2013-10-12 01:35:00,2668099.4,0.0002224466003249992
687,687,687,2013-10-12 01:40:00,3015050.0,0.00022061595149414082
688,688,688,2013-10-12 01:45:00,2737246.2,0.00022246236479439574
689,689,689,2013-10-12 01:50:00,3323086.0,0.0002233253609014163
690,690,690,2013-10-12 01:55:00,3542606.4,0.0002233889007562384
691,691,691,2013-10-12 02:00:00,3537503.4,0.00022321964943228245
692,692,692,2013-10-12 02:05:00,3174286.2,0.00022410252211790826
693,693,693,2013-10-12 02:10:00,3053158.4,0.00022701681395764783
694,694,694,2013-10-12 02:15:00,2712443.2,0.0002297914461204531
695,695,695,2013-10-12 02:20:00,3243322.6,0.00023189745274987406
696,696,696,2013-10-12 02:25:00,2970901.6,0.0002317059862093629
697,697,697,2013-10-12 02:30:00,3602252.0,0.0002307857364459709
698,698,698,2013-10-12 02:35:00,3767764.6,0.00023036976159773737
699,699,699,2013-10-12 02:40:00,3217024.8,0.00022885343806078318
700,700,700,2013-10-12 02:45:00,3623309.2,0.0002291499945217268
701,701,701,2013-10-12 02:50:00,3463932.6,0.00022975203297170843
702,702,702,2013-10-12 02:55:00,3473942.8,0.00023114473829999316
703,703,703,2013-10-12 03:00:00,4327528.2,0.0002322226828723739
704,704,704,2013-10-12 03:05:00,4953168.0,0.0002327638376827812
705,705,705,2013-10-12 03:10:00,6010022.0,0.00023085884753970554
706,706,706,2013-10-12 03:15:00,3792235.2,0.00022821190582977824
707,707,707,2013-10-12 03:20:00,5067495.2,0.0002297479909449951
708,708,708,2013-10-12 03:25:00,4178473.4,0.00023075011385342847
709,709,709,2013-10-12 03:30:00,3722183.4,0.00023093450087363632
710,710,710,2013-10-12 03:35:00,6000974.2,0.0002300101598872173
711,711,711,2013-10-12 03:40:00,3656226.2,0.0002318866950136167
712,712,712,2013-10-12 03:45:00,3946900.8,0.00024386026614797718
713,713,713,2013-10-12 03:50:00,3872716.2,0.00025371488025371924
714,714,714,2013-10-12 03:55:00,3954127.4,0.0002623755523089022
715,715,715,2013-10-12 04:00:00,3870564.8,0.00026711750730579187
716,716,716,2013-10-12 04:05:00,3812299.2,0.0002691429085081021
717,717,717,2013-10-12 04:10:00,3793134.4,0.00027352712514217004
718,718,718,2013-10-12 04:15:00,3610520.8,0.00028008029426662695
719,719,719,2013-10-12 04:20:00,4167550.6,0.00028601697165453466
720,720,720,2013-10-12 04:25:00,3844542.6,0.0002885762036458628
721,721,721,2013-10-12 04:30:00,4094993.0,0.00028922756929006255
722,722,722,2013-10-12 04:35:00,4207063.8,0.0002869018813740354
723,723,723,2013-10-12 04:40:00,4017962.2,0.00028537387549676385
724,724,724,2013-10-12 04:45:00,4211817.8,0.00028227719950357777
725,725,725,2013-10-12 04:50:00,4397386.8,0.00027313043117560554
726,726,726,2013-10-12 04:55:00,3821873.6,0.00026500161802733846
727,727,727,2013-10-12 05:00:00,3433559.8,0.0002581349435004654
728,728,728,2013-10-12 05:05:00,3552335.0,0.0002567654996091795
729,729,729,2013-10-12 05:10:00,2997523.4,0.00026010761897665713
730,730,730,2013-10-12 05:15:00,4158629.4,0.0002596438801378831
731,731,731,2013-10-12 05:20:00,3505453.6,0.0002607522432392928
732,732,732,2013-10-12 05:25:00,3596603.0,0.0002666227344825245
733,733,733,2013-10-12 05:30:00,3458603.8,0.00026972752172216286
734,734,734,2013-10-12 05:35:00,4103340.4,0.0002740258229265713
735,735,735,2013-10-12 05:40:00,3722259.6,0.0002518243608886639
736,736,736,2013-10-12 05:45:00,3310317.8,0.0002383472444907886
737,737,737,2013-10-12 05:50:00,3180112.2,0.0002450090188810261
738,738,738,2013-10-12 05:55:00,2763020.2,0.0002507365643966697
739,739,739,2013-10-12 06:00:00,3481835.8,0.0002598980622963154
740,740,740,2013-10-12 06:05:00,3115962.0,0.0002689856636201027
741,741,741,2013-10-12 06:10:00,3758110.6,0.0002768137505096968
742,742,742,2013-10-12 06:15:00,3146130.6,0.00028709112919056423
743,743,743,2013-10-12 06:20:00,3678237.8,0.00029723532916936524
744,744,744,2013-10-12 06:25:00,3332586.2,0.00030693952694127447
745,745,745,2013-10-12 06:30:00,3376556.8,0.00031566452843356796
746,746,746,2013-10-12 06:35:00,2932539.4,0.00032367963788115794
747,747,747,2013-10-12 06:40:00,3868952.0,0.0003311538756310961
748,748,748,2013-10-12 06:45:00,4180022.4,0.00034029942150159975
749,749,749,2013-10-12 06:50:00,2911885.2,0.00034357661906436743
750,750,750,2013-10-12 06:55:00,3045753.4,0.0003290671209268403
751,751,751,2013-10-12 07:00:00,3893686.2,0.00028496279968626137
752,752,752,2013-10-12 07:05:00,3498895.4,0.00023876665466682212
753,753,753,2013-10-12 07:10:00,2484609.8,0.0002049995329641563
754,754,754,2013-10-12 07:15:00,3153370.4,0.0002023225112698368
755,755,755,2013-10-12 07:20:00,2963782.0,0.00020012698060745127
756,756,756,2013-10-12 07:25:00,3208165.8,0.000198080270409684
757,757,757,2013-10-12 07:30:00,3842270.6,0.00019284000773001075
758,758,758,2013-10-12 07:35:00,2712457.0,0.00019010139848252283
759,759,759,2013-10-12 07:40:00,2525058.4,0.00018781259266897887
760,760,760,2013-10-12 07:45:00,2654476.6,0.0001812703886275857
761,761,761,2013-10-12 07:50:00,2774432.8,0.00017997756723597824
762,762,762,2013-10-12 07:55:00,3125988.4,0.00018043658157607112
763,763,763,2013-10-12 08:00:00,2628484.4,0.00018217608915760408
764,764,764,2013-10-12 08:05:00,2750668.8,0.00018645326822064323
765,765,765,2013-10-12 08:10:00,2121267.8,0.00019043240848382048
766,766,766,2013-10-12 08:15:00,2423121.0,0.00019564345697231644
767,767,767,2013-10-12 08:20:00,2492465.2,0.0002024026495633935
768,768,768,2013-10-12 08:25:00,2205542.4,0.00020603158508591957
769,769,769,2013-10-12 08:30:00,2244046.4,0.00020695254850833233
770,770,770,2013-10-12 08:35:00,2289428.2,0.00020306863464358837
771,771,771,2013-10-12 08:40:00,2335671.2,0.00019940721800093542
772,772,772,2013-10-12 08:45:00,1986150.4,0.00019737307017841932
773,773,773,2013-10-12 08:50:00,1974910.2,0.00019817740395211558
774,774,774,2013-10-12 08:55:00,1931628.8,0.00020048799129779304
775,775,775,2013-10-12 09:00:00,2256923.0,0.00020322834837338544
776,776,776,2013-10-12 09:05:00,1563206.2,0.00019619067701404092
777,777,777,2013-10-12 09:10:00,1680554.4,0.000185301140830485
778,778,778,2013-10-12 09:15:00,1435048.2,0.00017461724834455516
779,779,779,2013-10-12 09:20:00,1445570.2,0.0001695889993253985
780,780,780,2013-10-12 09:25:00,1230529.0,0.00016400563438390137
781,781,781,2013-10-12 09:30:00,1292470.8,0.00015793821634246807
782,782,782,2013-10-12 09:35:00,1377636.6,0.000151650000145942
783,783,783,2013-10-12 09:40:00,1814704.4,0.00014847478572455053
784,784,784,2013-10-12 09:45:00,1646375.8,0.0001444984440341912
785,785,785,2013-10-12 09:50:00,1589812.0,0.0001425025733947649
786,786,786,2013-10-12 09:55:00,2908752.2,0.00014567403293763714
787,787,787,2013-10-12 10:00:00,2209294.8,0.0001546926884941069
788,788,788,2013-10-12 10:05:00,2293599.8,0.0001626179115810089
789,789,789,2013-10-12 10:10:00,2518515.2,0.00017023063004706351
790,790,790,2013-10-12 10:15:00,2368925.2,0.00017623833682756107
791,791,791,2013-10-12 10:20:00,2418048.6,0.00018176616060383566
792,792,792,2013-10-12 10:25:00,2574732.0,0.00018521010188532472
793,793,793,2013-10-12 10:30:00,2560719.6,0.00018165842582684721
794,794,794,2013-10-12 10:35:00,2998595.0,0.00017418321998907693
795,795,795,2013-10-12 10:40:00,2464394.8,0.00016703450441768464
796,796,796,2013-10-12 10:45:00,2695531.6,0.0001674928770269979
797,797,797,2013-10-12 10:50:00,2881381.6,0.00016903575858473463
798,798,798,2013-10-12 10:55:00,2912230.4,0.0001748378643333659
799,799,799,2013-10-12 11:00:00,3149090.6,0.00018294856772538282
800,800,800,2013-10-12 11:05:00,3296592.0,0.000192680840026771
801,801,801,2013-10-12 11:10:00,3696286.2,0.00020501014898433034
802,802,802,2013-10-12 11:15:00,2925279.8,0.00022099421725152446
803,803,803,2013-10-12 11:20:00,3628548.8,0.0002366924712421392
804,804,804,2013-10-12 11:25:00,3048131.8,0.0002453472177561533
805,805,805,2013-10-12 11:30:00,2474744.6,0.0002530080674234547
806,806,806,2013-10-12 11:35:00,2733783.8,0.0002562922516785582
807,807,807,2013-10-12 11:40:00,2876619.2,0.0002472727860561852
808,808,808,2013-10-12 11:45:00,2426435.2,0.0002350567989325425
809,809,809,2013-10-12 11:50:00,2877881.2,0.0002186597249397293
810,810,810,2013-10-12 11:55:00,2236777.4,0.00020020173771861938
811,811,811,2013-10-12 12:00:00,2424895.6,0.00018232895805403437
812,812,812,2013-10-12 12:05:00,2036357.0,0.00015992644775353337
813,813,813,2013-10-12 12:10:00,3273247.8,0.00014190411079728626
814,814,814,2013-10-12 12:15:00,2225564.4,0.0001284302751093369
815,815,815,2013-10-12 12:20:00,2773553.4,0.00011931299225598213
816,816,816,2013-10-12 12:25:00,3272074.8,0.00011388392164179972
817,817,817,2013-10-12 12:30:00,2563503.8,0.00011014806823528289
818,818,818,2013-10-12 12:35:00,3315340.6,0.0001070394946962594
819,819,819,2013-10-12 12:40:00,2490231.6,0.00010604791731894103
820,820,820,2013-10-12 12:45:00,2685661.4,0.00010753021551124231
821,821,821,2013-10-12 12:50:00,2783047.8,0.000111899662182946
822,822,822,2013-10-12 12:55:00,2494818.8,0.00011706523941401592
823,823,823,2013-10-12 13:00:00,2915377.0,0.00012401605182177367
824,824,824,2013-10-12 13:05:00,2100844.8,0.00013349126896922137
825,825,825,2013-10-12 13:10:00,2932784.4,0.00014623838534000289
826,826,826,2013-10-12 13:15:00,3113921.8,0.00016402210464205869
827,827,827,2013-10-12 13:20:00,2679085.2,0.00018911211944172557
828,828,828,2013-10-12 13:25:00,2981291.6,0.00022329486941308208
829,829,829,2013-10-12 13:30:00,3528916.2,0.000256427519322977
830,830,830,2013-10-12 13:35:00,3714299.6,0.0002887130847936126
831,831,831,2013-10-12 13:40:00,2506308.4,0.00031322096501384955
832,832,832,2013-10-12 13:45:00,2977082.8,0.0003246870792114054
833,833,833,2013-10-12 13:50:00,2654474.0,0.0003274991618981149
834,834,834,2013-10-12 13:55:00,2747757.6,0.00031991395191433014
835,835,835,2013-10-12 14:00:00,3425450.2,0.0003050855719284318
836,836,836,2013-10-12 14:05:00,2860588.4,0.00028712627763927134
837,837,837,2013-10-12 14:10:00,2602600.6,0.00025391511577199655
838,838,838,2013-10-12 14:15:00,3064562.4,0.00023088656997694024
839,839,839,2013-10-12 14:20:00,2678636.4,0.00021277065044400523
840,840,840,2013-10-12 14:25:00,2811047.4,0.00020309766143278285
841,841,841,2013-10-12 14:30:00,2986170.0,0.00019503332882075952
842,842,842,2013-10-12 14:35:00,3030498.2,0.00018847004861533012
843,843,843,2013-10-12 14:40:00,1992914.2,0.00018175381807949975
844,844,844,2013-10-12 14:45:00,2307638.6,0.00017573082358190995
845,845,845,2013-10-12 14:50:00,2916463.0,0.00017024001554377666
846,846,846,2013-10-12 14:55:00,3218693.2,0.00016994943820591857
847,847,847,2013-10-12 15:00:00,4232165.4,0.00017208084276176816
848,848,848,2013-10-12 15:05:00,4293438.2,0.00017407410704761705
849,849,849,2013-10-12 15:10:00,5731243.0,0.00017708134621896576
850,850,850,2013-10-12 15:15:00,3331719.8,0.00018005913614249636
851,851,851,2013-10-12 15:20:00,3883587.8,0.0001887180666879651
852,852,852,2013-10-12 15:25:00,3271342.2,0.00020511952165624958
853,853,853,2013-10-12 15:30:00,2942843.2,0.00023111316584489838
854,854,854,2013-10-12 15:35:00,3694746.0,0.0002615472581645184
855,855,855,2013-10-12 15:40:00,3642126.4,0.000297789535741666
856,856,856,2013-10-12 15:45:00,3734729.0,0.00034883651676542726
857,857,857,2013-10-12 15:50:00,3394430.6,0.0004185408227084242
858,858,858,2013-10-12 15:55:00,3529268.4,0.0004969693968267519
859,859,859,2013-10-12 16:00:00,3715568.8,0.0005786171711119614
860,860,860,2013-10-12 16:05:00,3746838.6,0.0006685646467207151
861,861,861,2013-10-12 16:10:00,4208361.2,0.0007595618674591798
862,862,862,2013-10-12 16:15:00,4003901.8,0.0008597174028887045
863,863,863,2013-10-12 16:20:00,3824163.8,0.0009716355649391772
864,864,864,2013-10-12 16:25:00,3375125.8,0.0010839609938655403
865,865,865,2013-10-12 16:30:00,3540937.0,0.0012075076418276431
866,866,866,2013-10-12 16:35:00,3146923.2,0.0013146770125888052
867,867,867,2013-10-12 16:40:00,4168467.0,0.0014221259862338131
868,868,868,2013-10-12 16:45:00,3349810.2,0.001505726256905926
869,869,869,2013-10-12 16:50:00,3187740.8,0.0015834088168138472
870,870,870,2013-10-12 16:55:00,3217855.6,0.001626618547794112
871,871,871,2013-10-12 17:00:00,3205658.2,0.0016535212581368919
872,872,872,2013-10-12 17:05:00,2214341.8,0.0016614243444307286
873,873,873,2013-10-12 17:10:00,2062268.8,0.001659037287815579
874,874,874,2013-10-12 17:15:00,2550043.2,0.00164170010833109
875,875,875,2013-10-12 17:20:00,2092985.2,0.0016040585797859608
876,876,876,2013-10-12 17:25:00,3150399.8,0.0015764365889758825
877,877,877,2013-10-12 17:30:00,2122509.2,0.0015425920494368528
878,878,878,2013-10-12 17:35:00,2788856.2,0.001509215746753334
879,879,879,2013-10-12 17:40:00,2321360.2,0.0014659509161745188
880,880,880,2013-10-12 17:45:00,2890855.4,0.0014351069890315982
881,881,881,2013-10-12 17:50:00,4035097.6,0.001402595137831919
882,882,882,2013-10-12 17:55:00,3497103.6,0.0013714172038046257
883,883,883,2013-10-12 18:00:00,3170049.2,0.0013358676465514696
884,884,884,2013-10-12 18:05:00,3004455.6,0.0012930231783332413
885,885,885,2013-10-12 18:10:00,3466245.8,0.0006055621042546644
886,886,886,2013-10-12 18:15:00,3331877.8,0.0005048558932581049
887,887,887,2013-10-12 18:20:00,2944188.8,0.0005401949095310554
888,888,888,2013-10-12 18:25:00,3491523.4,0.0005922442957225771
889,889,889,2013-10-12 18:30:00,4161306.2,0.0006460439648828809
890,890,890,2013-10-12 18:35:00,2824246.4,0.0007047208243882164
891,891,891,2013-10-12 18:40:00,3238769.0,0.0007616563411019239
892,892,892,2013-10-12 18:45:00,3347327.8,0.0008149975576354773
893,893,893,2013-10-12 18:50:00,3104582.8,0.0008677692133555182
894,894,894,2013-10-12 18:55:00,3044250.2,0.0009185069984067873
895,895,895,2013-10-12 19:00:00,3441568.0,0.0009664031649796456
896,896,896,2013-10-12 19:05:00,3898819.6,0.0010073781468816767
897,897,897,2013-10-12 19:10:00,3327445.8,0.0010455249124524668
898,898,898,2013-10-12 19:15:00,3769617.8,0.0010746205947254062
899,899,899,2013-10-12 19:20:00,4145610.0,0.0010946332600421105
900,900,900,2013-10-12 19:25:00,4461434.6,0.0011114074388216544
901,901,901,2013-10-12 19:30:00,3386405.4,0.001122216262229414
902,902,902,2013-10-12 19:35:00,7170114.6,0.0011245894545056645
903,903,903,2013-10-12 19:40:00,3835937.6,0.0011243272793901582
904,904,904,2013-10-12 19:45:00,3849577.0,0.0011138717333361026
905,905,905,2013-10-12 19:50:00,4728437.0,0.001102098772757909
906,906,906,2013-10-12 19:55:00,3653101.4,0.001098982323392117
907,907,907,2013-10-12 20:00:00,3423475.4,0.0010888805523442402
908,908,908,2013-10-12 20:05:00,3319426.2,0.0010721545456990889
909,909,909,2013-10-12 20:10:00,3426644.4,0.0010585216844090084
910,910,910,2013-10-12 20:15:00,3285794.4,0.0008885100553519543
911,911,911,2013-10-12 20:20:00,3850047.6,0.0009081545406305347
912,912,912,2013-10-12 20:25:00,3685854.4,0.0009235968941780914
913,913,913,2013-10-12 20:30:00,3379478.6,0.0009285921132162755
914,914,914,2013-10-12 20:35:00,3566683.4,0.0009211991405204678
915,915,915,2013-10-12 20:40:00,3590507.8,0.0009087495379639376
916,916,916,2013-10-12 20:45:00,3402758.4,0.0008888196939932369
917,917,917,2013-10-12 20:50:00,3548430.0,0.0008692269177067447
918,918,918,2013-10-12 20:55:00,3619610.4,0.0008498455373159297
919,919,919,2013-10-12 21:00:00,3748961.4,0.0008304293879640712
920,920,920,2013-10-12 21:05:00,3559610.4,0.0008175248132754609
921,921,921,2013-10-12 21:10:00,5178590.8,0.0008069132299172166
922,922,922,2013-10-12 21:15:00,6822890.4,0.0007955635832268548
923,923,923,2013-10-12 21:20:00,3652706.2,0.0007784312072526278
924,924,924,2013-10-12 21:25:00,3923214.0,0.0007525590071145727
925,925,925,2013-10-12 21:30:00,3458745.6,0.0007217221103710258
926,926,926,2013-10-12 21:35:00,4955067.8,0.0006764565844699089
927,927,927,2013-10-12 21:40:00,4262822.6,0.0006328693481978398
928,928,928,2013-10-12 21:45:00,3248786.2,0.0005957812980097454
929,929,929,2013-10-12 21:50:00,2712873.6,0.000581584828670989
930,930,930,2013-10-12 21:55:00,4488676.8,0.0005813418079058108
931,931,931,2013-10-12 22:00:00,3780386.6,0.0006026799290748119
932,932,932,2013-10-12 22:05:00,3801917.8,0.0006424348654082701
933,933,933,2013-10-12 22:10:00,3410020.4,0.0006633324035031363
934,934,934,2013-10-12 22:15:00,4013800.2,0.000685675268274788
935,935,935,2013-10-12 22:20:00,3837695.0,0.000710980037361586
936,936,936,2013-10-12 22:25:00,3715738.8,0.0007413049746289868
937,937,937,2013-10-12 22:30:00,3156862.4,0.0007677103808365615
938,938,938,2013-10-12 22:35:00,3447375.0,0.0007904776653659962
939,939,939,2013-10-12 22:40:00,3909523.0,0.0008042868420963245
940,940,940,2013-10-12 22:45:00,4083487.2,0.0008070054722500997
941,941,941,2013-10-12 22:50:00,3410969.8,0.0007994908863983019
942,942,942,2013-10-12 22:55:00,3630547.6,0.0007948983736034698
943,943,943,2013-10-12 23:00:00,3579646.0,0.0007858441529448035
944,944,944,2013-10-12 23:05:00,3518559.0,0.0007736111896190501
945,945,945,2013-10-12 23:10:00,3615376.2,0.0007654580726402793
946,946,946,2013-10-12 23:15:00,3579870.0,0.0007606693469607295
947,947,947,2013-10-12 23:20:00,3914775.4,0.0007513078129277595
948,948,948,2013-10-12 23:25:00,3026430.0,0.0007418756836207185
949,949,949,2013-10-12 23:30:00,3681278.0,0.0007552853253238734
950,950,950,2013-10-12 23:35:00,3655270.0,0.000737969389187354
951,951,951,2013-10-12 23:40:00,3117778.6,0.0006914061219839285
952,952,952,2013-10-12 23:45:00,3464887.8,0.0006304432640623636
953,953,953,2013-10-12 23:50:00,3490145.6,0.0005827686524705333
954,954,954,2013-10-12 23:55:00,3530907.4,0.0005665829874438311
955,955,955,2013-10-13 00:00:00,3536547.4,0.00055691508692568
956,956,956,2013-10-13 00:05:00,3438769.8,0.0005458106780268368
957,957,957,2013-10-13 00:10:00,2592687.8,0.0005492810697205197
958,958,958,2013-10-13 00:15:00,1960360.2,0.0005644121964615278
959,959,959,2013-10-13 00:20:00,2025196.8,0.0006042251258618903
960,960,960,2013-10-13 00:25:00,1716619.8,0.0006856584015766387
961,961,961,2013-10-13 00:30:00,1789308.0,0.00085540782869864
962,962,962,2013-10-13 00:35:00,1892481.0,0.0010989072295021218
963,963,963,2013-10-13 00:40:00,1726840.4,0.0013292093467519583
964,964,964,2013-10-13 00:45:00,1878791.8,0.001473976043592784
965,965,965,2013-10-13 00:50:00,1792245.2,0.0015290586937709572
966,966,966,2013-10-13 00:55:00,1458174.2,0.0015137457903870999
967,967,967,2013-10-13 01:00:00,1740755.8,0.001460844861016608
968,968,968,2013-10-13 01:05:00,1807006.8,0.0013993778103327248
969,969,969,2013-10-13 01:10:00,2307076.8,0.0013375675686129185
970,970,970,2013-10-13 01:15:00,3108940.6,0.001288920359684309
971,971,971,2013-10-13 01:20:00,3450633.2,0.0012486615393548783
972,972,972,2013-10-13 01:25:00,3664786.4,0.0012025541684681507
973,973,973,2013-10-13 01:30:00,4118068.8,0.001147212743052739
974,974,974,2013-10-13 01:35:00,4053222.6,0.001074728801047864
975,975,975,2013-10-13 01:40:00,4201796.4,0.001002199692820005
976,976,976,2013-10-13 01:45:00,4304214.2,0.0009203592343809408
977,977,977,2013-10-13 01:50:00,4524176.6,0.0008407273130552895
978,978,978,2013-10-13 01:55:00,4352175.4,0.0007670851865827499
979,979,979,2013-10-13 02:00:00,4193209.2,0.0006975945102389858
980,980,980,2013-10-13 02:05:00,4482098.2,0.0006398354990483357
981,981,981,2013-10-13 02:10:00,4644432.8,0.0005934339395115007
982,982,982,2013-10-13 02:15:00,4435991.6,0.0005658801991891282
983,983,983,2013-10-13 02:20:00,4417648.0,0.0005716981354639827
984,984,984,2013-10-13 02:25:00,4486779.6,0.0006182643897556517
985,985,985,2013-10-13 02:30:00,4538636.0,0.0007126016064276097
986,986,986,2013-10-13 02:35:00,4461462.4,0.0008612420783228325
987,987,987,2013-10-13 02:40:00,4468985.0,0.0010346983748596994
988,988,988,2013-10-13 02:45:00,4612245.8,0.0011783217291078119
989,989,989,2013-10-13 02:50:00,4484731.4,0.001269386683871887
990,990,990,2013-10-13 02:55:00,4642155.2,0.0013127192594328818
991,991,991,2013-10-13 03:00:00,4893176.2,0.001319414619288084
992,992,992,2013-10-13 03:05:00,5549813.8,0.0013069307582199707
993,993,993,2013-10-13 03:10:00,6179932.6,0.0012839453161054282
994,994,994,2013-10-13 03:15:00,5105403.4,0.0012429818346977317
995,995,995,2013-10-13 03:20:00,4451766.6,0.0011830538858565998
996,996,996,2013-10-13 03:25:00,4481147.0,0.0011210988214324091
997,997,997,2013-10-13 03:30:00,4694028.6,0.0010613058008716036
998,998,998,2013-10-13 03:35:00,4430812.4,0.00100172603624471
999,999,999,2013-10-13 03:40:00,4501812.4,0.0009481391082166724
1000,1000,1000,2013-10-13 03:45:00,4637840.2,0.0008967250823264106
1001,1001,1001,2013-10-13 03:50:00,4893904.4,0.0008465161475967875
1002,1002,1002,2013-10-13 03:55:00,4580558.0,0.0007955197893745325
1003,1003,1003,2013-10-13 04:00:00,4631284.0,0.000742396941822876
1004,1004,1004,2013-10-13 04:05:00,4510029.8,0.0006847612451329477
1005,1005,1005,2013-10-13 04:10:00,4531931.8,0.0006305598355833553
1006,1006,1006,2013-10-13 04:15:00,4951073.2,0.0005846023376339105
1007,1007,1007,2013-10-13 04:20:00,4744324.6,0.0005409940290824755
1008,1008,1008,2013-10-13 04:25:00,4864875.0,0.0004983483725881088
1009,1009,1009,2013-10-13 04:30:00,4681125.8,0.0004630888169344649
1010,1010,1010,2013-10-13 04:35:00,4368098.8,0.00043751887966680947
1011,1011,1011,2013-10-13 04:40:00,4687881.2,0.0004219743206252957
1012,1012,1012,2013-10-13 04:45:00,5001344.0,0.0004140800485336049
1013,1013,1013,2013-10-13 04:50:00,4618461.8,0.0004102919083416312
1014,1014,1014,2013-10-13 04:55:00,4584497.4,0.00041020616981557456
1015,1015,1015,2013-10-13 05:00:00,4755072.8,0.0004119600750827068
1016,1016,1016,2013-10-13 05:05:00,4852368.4,0.00041369934694690524
1017,1017,1017,2013-10-13 05:10:00,4795987.8,0.000414382993241702
1018,1018,1018,2013-10-13 05:15:00,4832927.0,0.0004122605625042075
1019,1019,1019,2013-10-13 05:20:00,4690033.4,0.0004075835944191697
1020,1020,1020,2013-10-13 05:25:00,4729095.2,0.0004014531005525068
1021,1021,1021,2013-10-13 05:30:00,4726369.6,0.0003920130752465001
1022,1022,1022,2013-10-13 05:35:00,4429855.8,0.00037832047431396454
1023,1023,1023,2013-10-13 05:40:00,4617503.6,0.0003707213313436375
1024,1024,1024,2013-10-13 05:45:00,4952628.8,0.0003699022627068338
1025,1025,1025,2013-10-13 05:50:00,4256910.4,0.0003683940861433088
1026,1026,1026,2013-10-13 05:55:00,4674205.4,0.0003675359869996786
1027,1027,1027,2013-10-13 06:00:00,4440490.8,0.00036687096113663387
1028,1028,1028,2013-10-13 06:05:00,4634800.4,0.000366991069081668
1029,1029,1029,2013-10-13 06:10:00,4207472.8,0.00035894210134967963
1030,1030,1030,2013-10-13 06:15:00,4063905.4,0.0003537668924625814
1031,1031,1031,2013-10-13 06:20:00,4231708.6,0.00035311490952338875
1032,1032,1032,2013-10-13 06:25:00,4443433.0,0.0003491555382110212
1033,1033,1033,2013-10-13 06:30:00,4569577.8,0.0003469746280391206
1034,1034,1034,2013-10-13 06:35:00,4232463.6,0.00034733222079808
1035,1035,1035,2013-10-13 06:40:00,4530729.6,0.0003506895109737229
1036,1036,1036,2013-10-13 06:45:00,5188727.4,0.0003559675764339687
1037,1037,1037,2013-10-13 06:50:00,3816894.8,0.00036197706871088364
1038,1038,1038,2013-10-13 06:55:00,4050048.6,0.00036557659311897694
1039,1039,1039,2013-10-13 07:00:00,4632655.0,0.00036673262507513904
1040,1040,1040,2013-10-13 07:05:00,4331165.4,0.0003636748638909948
1041,1041,1041,2013-10-13 07:10:00,4256816.4,0.000356242739869006
1042,1042,1042,2013-10-13 07:15:00,4514565.0,0.00034497957061219164
1043,1043,1043,2013-10-13 07:20:00,4231642.8,0.000329162048092968
1044,1044,1044,2013-10-13 07:25:00,3996057.0,0.0003126840985904211
1045,1045,1045,2013-10-13 07:30:00,3821746.8,0.0002957358899950968
1046,1046,1046,2013-10-13 07:35:00,3693434.8,0.00027978589418142796
1047,1047,1047,2013-10-13 07:40:00,4069099.2,0.0002663060504033421
1048,1048,1048,2013-10-13 07:45:00,4101726.8,0.0002628520596381634
1049,1049,1049,2013-10-13 07:50:00,4205671.8,0.00026769294504880303
1050,1050,1050,2013-10-13 07:55:00,3989263.6,0.0002742846892936912
1051,1051,1051,2013-10-13 08:00:00,3828862.0,0.0002820343346741083
1052,1052,1052,2013-10-13 08:05:00,3641686.6,0.0002901073236436513
1053,1053,1053,2013-10-13 08:10:00,3324261.6,0.000297165769388652
1054,1054,1054,2013-10-13 08:15:00,3584599.2,0.00030196364537937725
1055,1055,1055,2013-10-13 08:20:00,3401789.8,0.0003046797303754012
1056,1056,1056,2013-10-13 08:25:00,3171775.2,0.00030561075421153827
1057,1057,1057,2013-10-13 08:30:00,2938971.8,0.00030325769673611447
1058,1058,1058,2013-10-13 08:35:00,2675676.2,0.0002977212414502217
1059,1059,1059,2013-10-13 08:40:00,2022947.8,0.00029107965283947657
1060,1060,1060,2013-10-13 08:45:00,2613405.8,0.00028648973996880933
1061,1061,1061,2013-10-13 08:50:00,3074915.6,0.00028713904234967114
1062,1062,1062,2013-10-13 08:55:00,3454406.6,0.0002922527699311672
1063,1063,1063,2013-10-13 09:00:00,3953057.8,0.0002974099925351359
1064,1064,1064,2013-10-13 09:05:00,4346876.8,0.0003048457669080351
1065,1065,1065,2013-10-13 09:10:00,4690494.2,0.00031128877114794395
1066,1066,1066,2013-10-13 09:15:00,4601621.2,0.00031416108792226005
1067,1067,1067,2013-10-13 09:20:00,1482509.2,0.00031459027067470835
1068,1068,1068,2013-10-13 09:25:00,4149789.2,0.00030871980189173254
1069,1069,1069,2013-10-13 09:30:00,5092226.4,0.0003029749031573381
1070,1070,1070,2013-10-13 09:35:00,4921400.8,0.00029250813675940623
1071,1071,1071,2013-10-13 09:40:00,4510003.6,0.0002766615604161693
1072,1072,1072,2013-10-13 09:45:00,4857760.2,0.0002612849790939453
1073,1073,1073,2013-10-13 09:50:00,4635341.4,0.0002504882997805824
1074,1074,1074,2013-10-13 09:55:00,4752849.6,0.0002486076906906831
1075,1075,1075,2013-10-13 10:00:00,4600516.4,0.000249871355286424
1076,1076,1076,2013-10-13 10:05:00,4467507.0,0.0002581567036599175
1077,1077,1077,2013-10-13 10:10:00,4600820.2,0.00027245881302162545
1078,1078,1078,2013-10-13 10:15:00,4466740.6,0.00028947496794862193
1079,1079,1079,2013-10-13 10:20:00,4816356.0,0.0003088393505379372
1080,1080,1080,2013-10-13 10:25:00,4412821.2,0.0003271966190117048
1081,1081,1081,2013-10-13 10:30:00,4289461.2,0.00034431284512870253
1082,1082,1082,2013-10-13 10:35:00,4806912.6,0.00035546619549509106
1083,1083,1083,2013-10-13 10:40:00,4540884.6,0.0003557548746585537
1084,1084,1084,2013-10-13 10:45:00,3973230.6,0.0003472541761054826
1085,1085,1085,2013-10-13 10:50:00,4151312.0,0.000331768647586439
1086,1086,1086,2013-10-13 10:55:00,4408599.0,0.00030931928667798925
1087,1087,1087,2013-10-13 11:00:00,4412467.0,0.0002866140830557473
1088,1088,1088,2013-10-13 11:05:00,4014711.6,0.0002668661958369345
1089,1089,1089,2013-10-13 11:10:00,4455661.4,0.0002515074327595901
1090,1090,1090,2013-10-13 11:15:00,4518165.4,0.0002427810497422911
1091,1091,1091,2013-10-13 11:20:00,5219553.4,0.00023777934498681041
1092,1092,1092,2013-10-13 11:25:00,4529007.2,0.000234241289079673
1093,1093,1093,2013-10-13 11:30:00,5014467.6,0.0002285887025749167
1094,1094,1094,2013-10-13 11:35:00,5091716.8,0.0002342612381560638
1095,1095,1095,2013-10-13 11:40:00,4955261.0,0.00024231650635597735
1096,1096,1096,2013-10-13 11:45:00,5129745.6,0.00024727030954874163
1097,1097,1097,2013-10-13 11:50:00,5522536.0,0.0002519503752489438
1098,1098,1098,2013-10-13 11:55:00,5466070.0,0.0002583730672630624
1099,1099,1099,2013-10-13 12:00:00,5181228.2,0.00026819804144107007
1100,1100,1100,2013-10-13 12:05:00,4971070.0,0.0002826790046754901
1101,1101,1101,2013-10-13 12:10:00,5417314.4,0.00030164649775710206
1102,1102,1102,2013-10-13 12:15:00,5381120.2,0.0003234664116387176
1103,1103,1103,2013-10-13 12:20:00,5648711.4,0.0003487249805957937
1104,1104,1104,2013-10-13 12:25:00,5237271.0,0.00037589300067608633
1105,1105,1105,2013-10-13 12:30:00,4567196.6,0.0004031953412565459
1106,1106,1106,2013-10-13 12:35:00,5010997.6,0.0004291761174493036
1107,1107,1107,2013-10-13 12:40:00,4802090.8,0.00044858014895576837
1108,1108,1108,2013-10-13 12:45:00,5512044.2,0.00046102969598738053
1109,1109,1109,2013-10-13 12:50:00,5365367.0,0.0004667672260628697
1110,1110,1110,2013-10-13 12:55:00,5359112.8,0.00046638811247945444
1111,1111,1111,2013-10-13 13:00:00,5206969.0,0.0004573245814483151
1112,1112,1112,2013-10-13 13:05:00,5441836.6,0.00044329722854175024
1113,1113,1113,2013-10-13 13:10:00,5013968.8,0.00042731283592722935
1114,1114,1114,2013-10-13 13:15:00,5087288.8,0.00041073437907479526
1115,1115,1115,2013-10-13 13:20:00,4889297.0,0.0003965496769005039
1116,1116,1116,2013-10-13 13:25:00,5113966.2,0.0003847808162988908
1117,1117,1117,2013-10-13 13:30:00,5380729.2,0.00037575998092509444
1118,1118,1118,2013-10-13 13:35:00,5135762.4,0.0003678998468102934
1119,1119,1119,2013-10-13 13:40:00,5726463.8,0.0003619288362434192
1120,1120,1120,2013-10-13 13:45:00,5152678.4,0.0003548255577116022
1121,1121,1121,2013-10-13 13:50:00,5179141.4,0.00034598120954243416
1122,1122,1122,2013-10-13 13:55:00,5313273.6,0.0003380840165198018
1123,1123,1123,2013-10-13 14:00:00,4990068.0,0.0003310568916568002
1124,1124,1124,2013-10-13 14:05:00,5135694.0,0.0003251928916218061
1125,1125,1125,2013-10-13 14:10:00,4809917.0,0.0003209611255662326
1126,1126,1126,2013-10-13 14:15:00,4837499.4,0.0003178389795261971
1127,1127,1127,2013-10-13 14:20:00,5081224.0,0.0003161154070584482
1128,1128,1128,2013-10-13 14:25:00,4846339.2,0.00031502001454997153
1129,1129,1129,2013-10-13 14:30:00,4988007.0,0.0003149526506215361
1130,1130,1130,2013-10-13 14:35:00,4598591.4,0.00031514629318973864
1131,1131,1131,2013-10-13 14:40:00,4467228.2,0.0003155573243904808
1132,1132,1132,2013-10-13 14:45:00,4261252.8,0.0003149908857976724
1133,1133,1133,2013-10-13 14:50:00,5263430.8,0.00031428650103959566
1134,1134,1134,2013-10-13 14:55:00,4741242.8,0.0003147993768694013
1135,1135,1135,2013-10-13 15:00:00,5268673.4,0.00031339894778237287
1136,1136,1136,2013-10-13 15:05:00,6355621.0,0.0003109590695767883
1137,1137,1137,2013-10-13 15:10:00,6548625.4,0.00030762043238463654
1138,1138,1138,2013-10-13 15:15:00,5110530.8,0.00030354192401671476
1139,1139,1139,2013-10-13 15:20:00,5345068.8,0.00030169178097660954
1140,1140,1140,2013-10-13 15:25:00,4738408.8,0.00030126304417643635
1141,1141,1141,2013-10-13 15:30:00,5107021.4,0.00030423893396192003
1142,1142,1142,2013-10-13 15:35:00,5235458.4,0.0003098449558295302
1143,1143,1143,2013-10-13 15:40:00,5233619.6,0.0003185830712822968
1144,1144,1144,2013-10-13 15:45:00,5029582.0,0.00032915611639583453
1145,1145,1145,2013-10-13 15:50:00,4514236.8,0.00034327661955302347
1146,1146,1146,2013-10-13 15:55:00,4910708.8,0.0003635436775282219
1147,1147,1147,2013-10-13 16:00:00,4712074.4,0.0003844341844295718
1148,1148,1148,2013-10-13 16:05:00,5420857.4,0.0004058004028374418
1149,1149,1149,2013-10-13 16:10:00,5476916.2,0.00042685592431235264
1150,1150,1150,2013-10-13 16:15:00,5125320.0,0.0004453378309937639
1151,1151,1151,2013-10-13 16:20:00,5001679.4,0.00045785236353956815
1152,1152,1152,2013-10-13 16:25:00,4980771.6,0.00046542031914775794
1153,1153,1153,2013-10-13 16:30:00,5543129.2,0.00046643701343029864
1154,1154,1154,2013-10-13 16:35:00,5178798.4,0.0004626311244938508
1155,1155,1155,2013-10-13 16:40:00,5374906.8,0.00045449591888657714
1156,1156,1156,2013-10-13 16:45:00,4965761.2,0.0004422946046007681
1157,1157,1157,2013-10-13 16:50:00,4625607.6,0.00042673068773391165
1158,1158,1158,2013-10-13 16:55:00,5155595.2,0.00040866725579880026
1159,1159,1159,2013-10-13 17:00:00,4758968.4,0.00039046444341872544
1160,1160,1160,2013-10-13 17:05:00,4846633.6,0.00037104139454435803
1161,1161,1161,2013-10-13 17:10:00,4966854.2,0.00034643716195870145
1162,1162,1162,2013-10-13 17:15:00,4799362.0,0.00031852987655189846
1163,1163,1163,2013-10-13 17:20:00,5217818.2,0.00029398195627949875
1164,1164,1164,2013-10-13 17:25:00,4846504.6,0.00026917426279271517
1165,1165,1165,2013-10-13 17:30:00,4857580.0,0.0002461643349469522
1166,1166,1166,2013-10-13 17:35:00,5305944.2,0.00023077118768954907
1167,1167,1167,2013-10-13 17:40:00,5216126.8,0.0002237546973679061
1168,1168,1168,2013-10-13 17:45:00,5126791.6,0.0002270202968657209
1169,1169,1169,2013-10-13 17:50:00,4716540.8,0.000233576314050854
1170,1170,1170,2013-10-13 17:55:00,5194275.2,0.000247559642545192
1171,1171,1171,2013-10-13 18:00:00,4594784.4,0.0002658244141028332
1172,1172,1172,2013-10-13 18:05:00,5313192.6,0.00028664309912396213
1173,1173,1173,2013-10-13 18:10:00,5349453.4,0.0003064986351787313
1174,1174,1174,2013-10-13 18:15:00,5664016.0,0.00032601686286526377
1175,1175,1175,2013-10-13 18:20:00,5165652.4,0.00034133513413192595
1176,1176,1176,2013-10-13 18:25:00,5806009.2,0.00035068933854687234
1177,1177,1177,2013-10-13 18:30:00,5725820.2,0.00035414835411684553
1178,1178,1178,2013-10-13 18:35:00,5818352.0,0.00035252890499637424
1179,1179,1179,2013-10-13 18:40:00,6039204.0,0.00034588791442846656
1180,1180,1180,2013-10-13 18:45:00,6146104.8,0.0003328169061816988
1181,1181,1181,2013-10-13 18:50:00,6520842.0,0.0003153331483729538
1182,1182,1182,2013-10-13 18:55:00,6414160.0,0.00029439623850513463
1183,1183,1183,2013-10-13 19:00:00,7121288.0,0.0002724968953062845
1184,1184,1184,2013-10-13 19:05:00,7733993.2,0.00025327677039810315
1185,1185,1185,2013-10-13 19:10:00,7171976.0,0.00023350327849225305
1186,1186,1186,2013-10-13 19:15:00,6572442.0,0.0002095596507074582
1187,1187,1187,2013-10-13 19:20:00,6669027.2,0.00018517895918090943
1188,1188,1188,2013-10-13 19:25:00,6541002.6,0.00016497037564777717
1189,1189,1189,2013-10-13 19:30:00,8036983.2,0.0001470301157031617
1190,1190,1190,2013-10-13 19:35:00,6780480.0,0.00013019468757347052
1191,1191,1191,2013-10-13 19:40:00,7105309.2,0.00011821898361008554
1192,1192,1192,2013-10-13 19:45:00,6645670.6,0.00011072748955132106
1193,1193,1193,2013-10-13 19:50:00,7129069.2,0.00010963344960390753
1194,1194,1194,2013-10-13 19:55:00,6886046.6,0.0
1195,1195,1195,2013-10-13 20:00:00,7070269.8,0.0
1196,1196,1196,2013-10-13 20:05:00,7112211.8,0.0
1197,1197,1197,2013-10-13 20:10:00,6736356.8,0.0
1198,1198,1198,2013-10-13 20:15:00,6885695.2,0.0
1199,1199,1199,2013-10-13 20:20:00,6829566.2,0.0
1200,1200,1200,2013-10-13 20:25:00,6670142.6,0.0
1201,1201,1201,2013-10-13 20:30:00,6989347.8,0.0
1202,1202,1202,2013-10-13 20:35:00,7089460.2,0.0
1203,1203,1203,2013-10-13 20:40:00,7126232.4,0.0
1204,1204,1204,2013-10-13 20:45:00,7180348.2,0.0
1205,1205,1205,2013-10-13 20:50:00,7251597.4,0.0
1206,1206,1206,2013-10-13 20:55:00,7138828.0,0.0
1207,1207,1207,2013-10-13 21:00:00,7358757.6,0.0
1208,1208,1208,2013-10-13 21:05:00,6691074.8,0.0
1209,1209,1209,2013-10-13 21:10:00,7419464.2,0.0
1210,1210,1210,2013-10-13 21:15:00,7345692.4,0.0
1211,1211,1211,2013-10-13 21:20:00,7106381.2,0.0
1212,1212,1212,2013-10-13 21:25:00,7439340.8,0.0
1213,1213,1213,2013-10-13 21:30:00,7148265.0,0.0
1214,1214,1214,2013-10-13 21:35:00,7079349.4,0.0
1215,1215,1215,2013-10-13 21:40:00,7313239.2,0.0
1216,1216,1216,2013-10-13 21:45:00,7370054.2,0.0
1217,1217,1217,2013-10-13 21:50:00,7146604.0,0.0
1218,1218,1218,2013-10-13 21:55:00,7380294.8,0.0
1219,1219,1219,2013-10-13 22:00:00,7444886.2,0.0
1220,1220,1220,2013-10-13 22:05:00,6960113.0,0.0
1221,1221,1221,2013-10-13 22:10:00,7776972.4,0.0
1222,1222,1222,2013-10-13 22:15:00,7458856.0,0.0
1223,1223,1223,2013-10-13 22:20:00,7193220.0,0.0
1224,1224,1224,2013-10-13 22:25:00,7221732.4,0.0
1225,1225,1225,2013-10-13 22:30:00,7683360.0,0.0
1226,1226,1226,2013-10-13 22:35:00,7346899.6,0.0
1227,1227,1227,2013-10-13 22:40:00,7728333.2,0.0
1228,1228,1228,2013-10-13 22:45:00,6895594.8,0.0
1229,1229,1229,2013-10-13 22:50:00,6637198.0,0.0
1230,1230,1230,2013-10-13 22:55:00,7011225.4,0.0
1231,1231,1231,2013-10-13 23:00:00,6560515.6,0.0
1232,1232,1232,2013-10-13 23:05:00,6638822.6,0.0
1233,1233,1233,2013-10-13 23:10:00,7921025.0,0.0
1234,1234,1234,2013-10-13 23:15:00,8124689.4,0.0
1235,1235,1235,2013-10-13 23:20:00,7346551.8,0.0
1236,1236,1236,2013-10-13 23:25:00,8111561.6,0.0
1237,1237,1237,2013-10-13 23:30:00,7575658.4,0.0
1238,1238,1238,2013-10-13 23:35:00,7198625.2,0.0
1239,1239,1239,2013-10-13 23:40:00,7964260.4,0.0
1240,1240,1240,2013-10-13 23:45:00,7547664.0,0.0
1241,1241,1241,2013-10-13 23:50:00,7988676.2,0.0
1242,1242,1242,2013-10-13 23:55:00,7788122.6,0.0
